date,count,total_count,ratio
2014-02-01,0,557,0
2014-02-02,0,430,0
2014-02-03,0,823,0
2014-02-04,0,918,0
2014-02-05,0,1113,0
2014-02-06,0,1058,0
2014-02-07,0,1138,0
2014-02-08,0,836,0
2014-02-09,0,651,0
2014-02-10,0,977,0
2014-02-11,0,647,0
2014-02-12,0,836,0
2014-02-13,0,998,0
2014-02-14,0,1211,0
2014-02-15,0,734,0
2014-02-16,0,658,0
2014-02-17,0,1149,0
2014-02-18,0,1164,0
2014-02-19,0,1178,0
2014-02-20,0,1208,0
2014-02-21,0,1131,0
2014-02-22,0,691,0
2014-02-23,0,391,0
2014-02-24,0,1188,0
2014-02-25,0,1111,0
2014-02-26,0,1229,0
2014-02-27,0,1255,0
2014-02-28,0,1179,0
2014-03-01,0,659,0
2014-03-02,0,730,0
2014-03-03,0,1127,0
2014-03-04,0,1237,0
2014-03-05,0,1139,0
2014-03-06,0,1172,0
2014-03-07,0,1202,0
2014-03-08,0,803,0
2014-03-09,0,727,0
2014-03-10,0,1049,0
2014-03-11,0,1095,0
2014-03-12,0,1185,0
2014-03-13,0,1144,0
2014-03-14,0,661,0
2014-03-15,0,465,0
2014-03-16,0,695,0
2014-03-17,0,1263,0
2014-03-18,0,1158,0
2014-03-19,0,1116,0
2014-03-20,0,1026,0
2014-03-21,0,915,0
2014-03-22,0,563,0
2014-03-23,0,759,0
2014-03-24,0,1107,0
2014-03-25,0,1186,0
2014-03-26,0,1143,0
2014-03-27,0,1031,0
2014-03-28,0,1110,0
2014-03-29,0,721,0
2014-03-30,0,691,0
2014-03-31,0,1091,0
2014-04-01,0,1086,0
2014-04-02,0,1231,0
2014-04-03,0,1109,0
2014-04-04,0,1211,0
2014-04-05,0,841,0
2014-04-06,0,548,0
2014-04-07,0,1015,0
2014-04-08,0,1335,0
2014-04-09,0,1265,0
2014-04-10,0,1558,0
2014-04-11,0,1793,0
2014-04-12,0,1530,0
2014-04-13,0,1455,0
2014-04-14,0,1886,0
2014-04-15,0,1692,0
2014-04-16,0,1635,0
2014-04-17,0,1598,0
2014-04-18,0,1087,0
2014-04-19,0,949,0
2014-04-20,0,917,0
2014-04-21,0,1122,0
2014-04-22,0,1559,0
2014-04-23,0,1676,0
2014-04-24,0,1626,0
2014-04-25,0,1405,0
2014-04-26,0,980,0
2014-04-27,0,841,0
2014-04-28,0,1505,0
2014-04-29,0,1497,0
2014-04-30,0,1660,0
2014-05-01,0,1301,0
2014-05-02,0,1333,0
2014-05-03,0,929,0
2014-05-04,0,798,0
2014-05-05,0,1366,0
2014-05-06,0,1445,0
2014-05-07,0,1400,0
2014-05-08,0,1503,0
2014-05-09,0,1558,0
2014-05-10,0,825,0
2014-05-11,0,744,0
2014-05-12,0,853,0
2014-05-13,0,1652,0
2014-05-14,0,1501,0
2014-05-15,0,1536,0
2014-05-16,0,1408,0
2014-05-17,0,828,0
2014-05-18,0,888,0
2014-05-19,0,1469,0
2014-05-20,0,1362,0
2014-05-21,0,1534,0
2014-05-22,0,1416,0
2014-05-23,0,1436,0
2014-05-24,0,897,0
2014-05-25,0,723,0
2014-05-26,0,1360,0
2014-05-27,0,1527,0
2014-05-28,0,1391,0
2014-05-29,0,1431,0
2014-05-30,0,1321,0
2014-05-31,0,820,0
2014-06-01,0,893,0
2014-06-02,0,1433,0
2014-06-03,0,1016,0
2014-06-04,0,1184,0
2014-06-05,0,1409,0
2014-06-06,0,1353,0
2014-06-07,0,869,0
2014-06-08,0,801,0
2014-06-09,0,1236,0
2014-06-10,0,1481,0
2014-06-11,0,1443,0
2014-06-12,0,1596,0
2014-06-13,0,1421,0
2014-06-14,0,893,0
2014-06-15,0,922,0
2014-06-16,0,1495,0
2014-06-17,0,1492,0
2014-06-18,0,1496,0
2014-06-19,0,1573,0
2014-06-20,0,1549,0
2014-06-21,0,956,0
2014-06-22,0,788,0
2014-06-23,0,1537,0
2014-06-24,0,1528,0
2014-06-25,0,1499,0
2014-06-26,0,1438,0
2014-06-27,0,1567,0
2014-06-28,0,968,0
2014-06-29,0,763,0
2014-06-30,0,1285,0
2014-07-01,0,1284,0
2014-07-02,0,1572,0
2014-07-03,0,1520,0
2014-07-04,0,1466,0
2014-07-05,0,896,0
2014-07-06,0,832,0
2014-07-07,0,1446,0
2014-07-08,0,1455,0
2014-07-09,0,1443,0
2014-07-10,0,1611,0
2014-07-11,0,1395,0
2014-07-12,0,850,0
2014-07-13,0,756,0
2014-07-14,0,1214,0
2014-07-15,0,1320,0
2014-07-16,0,1443,0
2014-07-17,0,1612,0
2014-07-18,0,1469,0
2014-07-19,0,1054,0
2014-07-20,0,902,0
2014-07-21,0,1429,0
2014-07-22,0,1539,0
2014-07-23,0,1579,0
2014-07-24,0,1596,0
2014-07-25,0,1537,0
2014-07-26,0,1170,0
2014-07-27,0,1145,0
2014-07-28,0,1597,0
2014-07-29,0,1632,0
2014-07-30,0,1192,0
2014-07-31,0,1730,0
2014-08-01,0,1712,0
2014-08-02,0,1140,0
2014-08-03,0,1145,0
2014-08-04,0,1483,0
2014-08-05,0,1443,0
2014-08-06,0,1306,0
2014-08-07,0,1441,0
2014-08-08,0,1508,0
2014-08-09,0,943,0
2014-08-10,0,816,0
2014-08-11,0,1281,0
2014-08-12,3,1469,0.0020422055820285907
2014-08-13,0,1397,0
2014-08-14,0,1549,0
2014-08-15,0,1529,0
2014-08-16,0,996,0
2014-08-17,0,942,0
2014-08-18,0,1429,0
2014-08-19,0,1478,0
2014-08-20,0,1542,0
2014-08-21,0,1552,0
2014-08-22,0,1468,0
2014-08-23,0,923,0
2014-08-24,0,897,0
2014-08-25,0,1281,0
2014-08-26,0,1356,0
2014-08-27,0,1357,0
2014-08-28,0,1497,0
2014-08-29,0,1440,0
2014-08-30,0,924,0
2014-08-31,0,917,0
2014-09-01,0,1302,0
2014-09-02,0,1466,0
2014-09-03,0,1424,0
2014-09-04,0,1414,0
2014-09-05,0,1485,0
2014-09-06,0,955,0
2014-09-07,0,929,0
2014-09-08,0,1314,0
2014-09-09,0,1340,0
2014-09-10,0,1444,0
2014-09-11,0,1454,0
2014-09-12,0,1308,0
2014-09-13,0,868,0
2014-09-14,0,959,0
2014-09-15,0,1267,0
2014-09-16,0,1346,0
2014-09-17,0,1458,0
2014-09-18,0,1414,0
2014-09-19,0,1326,0
2014-09-20,0,882,0
2014-09-21,0,923,0
2014-09-22,0,1303,0
2014-09-23,0,1386,0
2014-09-24,0,1396,0
2014-09-25,0,1447,0
2014-09-26,0,1387,0
2014-09-27,0,886,0
2014-09-28,0,885,0
2014-09-29,0,1237,0
2014-09-30,0,1298,0
2014-10-01,0,1420,0
2014-10-02,0,1437,0
2014-10-03,0,1348,0
2014-10-04,0,851,0
2014-10-05,0,863,0
2014-10-06,0,1143,0
2014-10-07,0,1398,0
2014-10-08,0,1268,0
2014-10-09,0,1386,0
2014-10-10,0,1492,0
2014-10-11,0,943,0
2014-10-12,0,912,0
2014-10-13,0,1282,0
2014-10-14,0,1359,0
2014-10-15,0,1380,0
2014-10-16,0,1451,0
2014-10-17,0,1252,0
2014-10-18,0,775,0
2014-10-19,0,812,0
2014-10-20,0,1314,0
2014-10-21,0,1231,0
2014-10-22,0,1222,0
2014-10-23,0,1259,0
2014-10-24,0,1398,0
2014-10-25,0,951,0
2014-10-26,0,811,0
2014-10-27,0,1287,0
2014-10-28,0,1233,0
2014-10-29,0,1222,0
2014-10-30,0,1314,0
2014-10-31,0,1384,0
2014-11-01,0,878,0
2014-11-02,0,876,0
2014-11-03,0,1333,0
2014-11-04,0,1194,0
2014-11-05,0,1221,0
2014-11-06,0,1252,0
2014-11-07,0,1304,0
2014-11-08,0,917,0
2014-11-09,0,871,0
2014-11-10,0,1318,0
2014-11-11,0,1326,0
2014-11-12,0,1402,0
2014-11-13,0,1362,0
2014-11-14,0,1352,0
2014-11-15,0,999,0
2014-11-16,0,1003,0
2014-11-17,0,1295,0
2014-11-18,0,1358,0
2014-11-19,0,1216,0
2014-11-20,0,1259,0
2014-11-21,0,1306,0
2014-11-22,0,823,0
2014-11-23,0,868,0
2014-11-24,0,1305,0
2014-11-25,0,1229,0
2014-11-26,0,1280,0
2014-11-27,0,1241,0
2014-11-28,0,1019,0
2014-11-29,0,759,0
2014-11-30,0,876,0
2014-12-01,0,1355,0
2014-12-02,0,1329,0
2014-12-03,0,1157,0
2014-12-04,0,1177,0
2014-12-05,0,1116,0
2014-12-06,0,753,0
2014-12-07,0,772,0
2014-12-08,0,1294,0
2014-12-09,0,944,0
2014-12-10,0,1079,0
2014-12-11,0,1448,0
2014-12-12,0,1540,0
2014-12-13,0,797,0
2014-12-14,0,792,0
2014-12-15,0,1225,0
2014-12-16,0,1250,0
2014-12-17,0,1102,0
2014-12-18,0,1375,0
2014-12-19,0,1206,0
2014-12-20,0,771,0
2014-12-21,0,643,0
2014-12-22,0,952,0
2014-12-23,0,1006,0
2014-12-24,0,590,0
2014-12-25,0,422,0
2014-12-26,0,634,0
2014-12-27,0,643,0
2014-12-28,0,545,0
2014-12-29,0,745,0
2014-12-30,0,851,0
2014-12-31,0,857,0
2015-01-01,0,783,0
2015-01-02,0,836,0
2015-01-03,0,590,0
2015-01-04,0,659,0
2015-01-05,0,840,0
2015-01-06,0,913,0
2015-01-07,0,1037,0
2015-01-08,0,1160,0
2015-01-09,0,1129,0
2015-01-10,0,735,0
2015-01-11,0,729,0
2015-01-12,0,1032,0
2015-01-13,0,1176,0
2015-01-14,0,1463,0
2015-01-15,0,1477,0
2015-01-16,0,2057,0
2015-01-17,0,1138,0
2015-01-18,0,1032,0
2015-01-19,0,1907,0
2015-01-20,0,2016,0
2015-01-21,0,2116,0
2015-01-22,0,2125,0
2015-01-23,0,2161,0
2015-01-24,0,1338,0
2015-01-25,0,1125,0
2015-01-26,0,1669,0
2015-01-27,0,2039,0
2015-01-28,0,2073,0
2015-01-29,0,2574,0
2015-01-30,0,2255,0
2015-01-31,0,1396,0
2015-02-01,0,1260,0
2015-02-02,0,2146,0
2015-02-03,0,2099,0
2015-02-04,0,2139,0
2015-02-05,0,2144,0
2015-02-06,0,2366,0
2015-02-07,0,1348,0
2015-02-08,0,1268,0
2015-02-09,0,2052,0
2015-02-10,0,2145,0
2015-02-11,0,1970,0
2015-02-12,0,2376,0
2015-02-13,0,2562,0
2015-02-14,0,1425,0
2015-02-15,0,1187,0
2015-02-16,0,2109,0
2015-02-17,0,2291,0
2015-02-18,0,2249,0
2015-02-19,0,2377,0
2015-02-20,0,2329,0
2015-02-21,0,1495,0
2015-02-22,0,1334,0
2015-02-23,0,2209,0
2015-02-24,0,2316,0
2015-02-25,0,2539,0
2015-02-26,0,2181,0
2015-02-27,0,2051,0
2015-02-28,0,1169,0
2015-03-01,0,1160,0
2015-03-02,0,1925,0
2015-03-03,0,2016,0
2015-03-04,0,1980,0
2015-03-05,0,2161,0
2015-03-06,0,2109,0
2015-03-07,0,1256,0
2015-03-08,0,1116,0
2015-03-09,0,1718,0
2015-03-10,0,2007,0
2015-03-11,0,2093,0
2015-03-12,0,2190,0
2015-03-13,0,2124,0
2015-03-14,0,1300,0
2015-03-15,0,1397,0
2015-03-16,0,2042,0
2015-03-17,0,2270,0
2015-03-18,0,2282,0
2015-03-19,0,2370,0
2015-03-20,0,2299,0
2015-03-21,0,1363,0
2015-03-22,0,1240,0
2015-03-23,0,1764,0
2015-03-24,0,2524,0
2015-03-25,0,2308,0
2015-03-26,0,2415,0
2015-03-27,0,2331,0
2015-03-28,0,1404,0
2015-03-29,0,1435,0
2015-03-30,0,1988,0
2015-03-31,0,2310,0
2015-04-01,0,2464,0
2015-04-02,0,2321,0
2015-04-03,0,1390,0
2015-04-04,0,1197,0
2015-04-05,0,1195,0
2015-04-06,0,1471,0
2015-04-07,0,1420,0
2015-04-08,0,1222,0
2015-04-09,0,1182,0
2015-04-10,0,1232,0
2015-04-11,0,688,0
2015-04-12,0,761,0
2015-04-13,0,1218,0
2015-04-14,0,1240,0
2015-04-15,0,1265,0
2015-04-16,0,1350,0
2015-04-17,0,1369,0
2015-04-18,0,975,0
2015-04-19,0,927,0
2015-04-20,0,2319,0
2015-04-21,0,2383,0
2015-04-22,0,2110,0
2015-04-23,0,2273,0
2015-04-24,0,2292,0
2015-04-25,0,1418,0
2015-04-26,0,1325,0
2015-04-27,0,1898,0
2015-04-28,0,2147,0
2015-04-29,0,2155,0
2015-04-30,0,2260,0
2015-05-01,0,2165,0
2015-05-02,0,1171,0
2015-05-03,0,1329,0
2015-05-04,0,2111,0
2015-05-05,0,2220,0
2015-05-06,0,2132,0
2015-05-07,0,2282,0
2015-05-08,0,2313,0
2015-05-09,0,1306,0
2015-05-10,0,1226,0
2015-05-11,0,2125,0
2015-05-12,0,2448,0
2015-05-13,0,2281,0
2015-05-14,0,2385,0
2015-05-15,0,2237,0
2015-05-16,0,1323,0
2015-05-17,0,1270,0
2015-05-18,0,2098,0
2015-05-19,0,2256,0
2015-05-20,0,2199,0
2015-05-21,0,2339,0
2015-05-22,0,2143,0
2015-05-23,0,1230,0
2015-05-24,0,1316,0
2015-05-25,0,2143,0
2015-05-26,0,2225,0
2015-05-27,0,2249,0
2015-05-28,0,2312,0
2015-05-29,0,2233,0
2015-05-30,0,1328,0
2015-05-31,0,1274,0
2015-06-01,0,2109,0
2015-06-02,0,2288,0
2015-06-03,0,2348,0
2015-06-04,0,2328,0
2015-06-05,0,2140,0
2015-06-06,0,1275,0
2015-06-07,0,1231,0
2015-06-08,0,1805,0
2015-06-09,0,2213,0
2015-06-10,0,2244,0
2015-06-11,0,2311,0
2015-06-12,0,2271,0
2015-06-13,0,1281,0
2015-06-14,0,1273,0
2015-06-15,0,2138,0
2015-06-16,0,2203,0
2015-06-17,0,2206,0
2015-06-18,0,2250,0
2015-06-19,0,2188,0
2015-06-20,0,1310,0
2015-06-21,0,1251,0
2015-06-22,0,2152,0
2015-06-23,0,2400,0
2015-06-24,0,2281,0
2015-06-25,0,2207,0
2015-06-26,0,2282,0
2015-06-27,0,1276,0
2015-06-28,0,1268,0
2015-06-29,0,1961,0
2015-06-30,0,2123,0
2015-07-01,0,2265,0
2015-07-02,0,2108,0
2015-07-03,0,2043,0
2015-07-04,0,1168,0
2015-07-05,0,1089,0
2015-07-06,0,2050,0
2015-07-07,0,2318,0
2015-07-08,0,2162,0
2015-07-09,0,2276,0
2015-07-10,0,2232,0
2015-07-11,0,1298,0
2015-07-12,0,1233,0
2015-07-13,0,2075,0
2015-07-14,0,2201,0
2015-07-15,0,2328,0
2015-07-16,0,2320,0
2015-07-17,0,2246,0
2015-07-18,0,1252,0
2015-07-19,0,1234,0
2015-07-20,0,2105,0
2015-07-21,0,2245,0
2015-07-22,0,2160,0
2015-07-23,0,2297,0
2015-07-24,0,2166,0
2015-07-25,0,1258,0
2015-07-26,0,1266,0
2015-07-27,0,2045,0
2015-07-28,0,2097,0
2015-07-29,0,2210,0
2015-07-30,0,1802,0
2015-07-31,0,2498,0
2015-08-01,0,1215,0
2015-08-02,0,1275,0
2015-08-03,0,2092,0
2015-08-04,0,2227,0
2015-08-05,0,2208,0
2015-08-06,0,2306,0
2015-08-07,0,2189,0
2015-08-08,0,1249,0
2015-08-09,0,1203,0
2015-08-10,0,2005,0
2015-08-11,0,2184,0
2015-08-12,0,2314,0
2015-08-13,0,2110,0
2015-08-14,0,2206,0
2015-08-15,0,1232,0
2015-08-16,0,1166,0
2015-08-17,0,2102,0
2015-08-18,0,2231,0
2015-08-19,0,2276,0
2015-08-20,0,2242,0
2015-08-21,0,2244,0
2015-08-22,0,1281,0
2015-08-23,0,1248,0
2015-08-24,0,2071,0
2015-08-25,0,2145,0
2015-08-26,0,2346,0
2015-08-27,0,2222,0
2015-08-28,0,2176,0
2015-08-29,0,1232,0
2015-08-30,0,1251,0
2015-08-31,0,2106,0
2015-09-01,0,2185,0
2015-09-02,0,2162,0
2015-09-03,0,2228,0
2015-09-04,0,2289,0
2015-09-05,0,1284,0
2015-09-06,0,1192,0
2015-09-07,0,2035,0
2015-09-08,0,2120,0
2015-09-09,0,2391,0
2015-09-10,0,2328,0
2015-09-11,0,2313,0
2015-09-12,0,1284,0
2015-09-13,0,1288,0
2015-09-14,0,2039,0
2015-09-15,0,2277,0
2015-09-16,0,2307,0
2015-09-17,0,2371,0
2015-09-18,0,2309,0
2015-09-19,0,1188,0
2015-09-20,0,1221,0
2015-09-21,0,2109,0
2015-09-22,0,2183,0
2015-09-23,0,2141,0
2015-09-24,0,2204,0
2015-09-25,0,2302,0
2015-09-26,0,1244,0
2015-09-27,0,1275,0
2015-09-28,0,2031,0
2015-09-29,0,2208,0
2015-09-30,0,147279,0
2015-10-01,1,2408,0.0004152823920265781
2015-10-02,0,2231,0
2015-10-03,0,1181,0
2015-10-04,0,1276,0
2015-10-05,0,1912,0
2015-10-06,0,2226,0
2015-10-07,0,2345,0
2015-10-08,0,2319,0
2015-10-09,0,2343,0
2015-10-10,3,1180,0.002542372881355932
2015-10-11,0,1141,0
2015-10-12,0,2150,0
2015-10-13,0,2343,0
2015-10-14,0,2355,0
2015-10-15,0,2468,0
2015-10-16,0,2284,0
2015-10-17,0,1166,0
2015-10-18,0,1253,0
2015-10-19,0,2176,0
2015-10-20,0,2420,0
2015-10-21,0,2334,0
2015-10-22,0,2443,0
2015-10-23,0,2228,0
2015-10-24,0,1184,0
2015-10-25,0,1088,0
2015-10-26,0,2069,0
2015-10-27,0,2308,0
2015-10-28,0,2363,0
2015-10-29,0,2443,0
2015-10-30,0,2327,0
2015-10-31,0,1244,0
2015-11-01,0,1140,0
2015-11-02,0,2132,0
2015-11-03,0,2075,0
2015-11-04,0,2258,0
2015-11-05,0,2296,0
2015-11-06,0,2146,0
2015-11-07,0,1134,0
2015-11-08,0,1080,0
2015-11-09,0,2097,0
2015-11-10,0,2316,0
2015-11-11,0,2262,0
2015-11-12,0,2259,0
2015-11-13,0,2225,0
2015-11-14,0,1286,0
2015-11-15,0,1095,0
2015-11-16,0,2025,0
2015-11-17,0,2239,0
2015-11-18,0,2335,0
2015-11-19,0,2233,0
2015-11-20,0,2277,0
2015-11-21,0,1172,0
2015-11-22,0,1220,0
2015-11-23,0,2109,0
2015-11-24,0,2319,0
2015-11-25,0,2425,0
2015-11-26,0,2521,0
2015-11-27,0,2172,0
2015-11-28,0,1202,0
2015-11-29,0,1120,0
2015-11-30,0,2209,0
2015-12-01,0,2301,0
2015-12-02,0,2221,0
2015-12-03,0,2158,0
2015-12-04,0,2151,0
2015-12-05,0,1150,0
2015-12-06,0,1049,0
2015-12-07,0,1926,0
2015-12-08,0,1941,0
2015-12-09,0,2104,0
2015-12-10,0,2089,0
2015-12-11,0,2050,0
2015-12-12,0,1064,0
2015-12-13,0,917,0
2015-12-14,0,1841,0
2015-12-15,0,1982,0
2015-12-16,0,1957,0
2015-12-17,0,1923,0
2015-12-18,0,1895,0
2015-12-19,0,973,0
2015-12-20,0,981,0
2015-12-21,0,1570,0
2015-12-22,0,1693,0
2015-12-23,0,1638,0
2015-12-24,0,1146,0
2015-12-25,0,583,0
2015-12-26,0,728,0
2015-12-27,0,829,0
2015-12-28,0,988,0
2015-12-29,0,1275,0
2015-12-30,0,1374,0
2015-12-31,0,1309,0
2016-01-01,0,1004,0
2016-01-02,0,848,0
2016-01-03,0,847,0
2016-01-04,0,1591,0
2016-01-05,0,1664,0
2016-01-06,0,1766,0
2016-01-07,0,1805,0
2016-01-08,0,1757,0
2016-01-09,0,1008,0
2016-01-10,0,1044,0
2016-01-11,0,1647,0
2016-01-12,0,1770,0
2016-01-13,0,1948,0
2016-01-14,0,1842,0
2016-01-15,0,1885,0
2016-01-16,0,1019,0
2016-01-17,0,948,0
2016-01-18,0,1622,0
2016-01-19,0,1869,0
2016-01-20,0,1999,0
2016-01-21,0,2139,0
2016-01-22,0,1988,0
2016-01-23,0,1135,0
2016-01-24,0,1023,0
2016-01-25,0,1835,0
2016-01-26,0,1683,0
2016-01-27,0,2002,0
2016-01-28,0,1969,0
2016-01-29,0,2068,0
2016-01-30,0,1108,0
2016-01-31,0,1020,0
2016-02-01,0,1941,0
2016-02-02,0,2135,0
2016-02-03,0,2196,0
2016-02-04,0,2158,0
2016-02-05,0,2176,0
2016-02-06,0,1157,0
2016-02-07,0,1137,0
2016-02-08,0,1966,0
2016-02-09,0,2062,0
2016-02-10,0,2138,0
2016-02-11,0,2160,0
2016-02-12,0,2203,0
2016-02-13,0,1086,0
2016-02-14,0,1010,0
2016-02-15,0,1961,0
2016-02-16,0,2239,0
2016-02-17,0,2174,0
2016-02-18,0,2247,0
2016-02-19,0,2111,0
2016-02-20,0,1110,0
2016-02-21,0,1095,0
2016-02-22,0,1890,0
2016-02-23,0,2261,0
2016-02-24,0,2406,0
2016-02-25,0,2259,0
2016-02-26,0,2187,0
2016-02-27,0,1168,0
2016-02-28,0,1097,0
2016-02-29,0,2029,0
2016-03-01,0,2120,0
2016-03-02,0,2123,0
2016-03-03,0,2142,0
2016-03-04,0,2123,0
2016-03-05,0,1249,0
2016-03-06,0,1102,0
2016-03-07,0,2059,0
2016-03-08,0,2149,0
2016-03-09,0,2099,0
2016-03-10,0,2193,0
2016-03-11,0,2122,0
2016-03-12,0,1172,0
2016-03-13,0,1133,0
2016-03-14,0,1983,0
2016-03-15,0,2149,0
2016-03-16,0,2205,0
2016-03-17,0,1833,0
2016-03-18,0,1740,0
2016-03-19,0,1001,0
2016-03-20,0,1001,0
2016-03-21,0,2001,0
2016-03-22,0,2106,0
2016-03-23,0,2007,0
2016-03-24,0,1982,0
2016-03-25,0,1327,0
2016-03-26,0,1099,0
2016-03-27,0,1042,0
2016-03-28,0,1433,0
2016-03-29,0,1891,0
2016-03-30,0,1999,0
2016-03-31,0,2082,0
2016-04-01,0,2006,0
2016-04-02,0,1174,0
2016-04-03,0,1131,0
2016-04-04,0,1943,0
2016-04-05,0,1945,0
2016-04-06,0,2042,0
2016-04-07,0,1981,0
2016-04-08,0,2029,0
2016-04-09,0,1093,0
2016-04-10,0,1075,0
2016-04-11,0,1996,0
2016-04-12,0,1843,0
2016-04-13,0,1954,0
2016-04-14,0,2067,0
2016-04-15,0,2057,0
2016-04-16,0,1192,0
2016-04-17,0,1161,0
2016-04-18,0,1854,0
2016-04-19,0,2029,0
2016-04-20,0,1981,0
2016-04-21,0,2137,0
2016-04-22,0,1213,0
2016-04-23,0,500,0
2016-04-24,0,650,0
2016-04-25,0,1294,0
2016-04-26,0,2300,0
2016-04-27,0,2093,0
2016-04-28,0,2001,0
2016-04-29,0,1229,0
2016-04-30,0,303,0
2016-05-01,0,761,0
2016-05-02,0,2049,0
2016-05-03,0,2232,0
2016-05-04,0,2113,0
2016-05-05,0,2154,0
2016-05-06,0,2001,0
2016-05-07,0,1108,0
2016-05-08,0,1020,0
2016-05-09,0,1944,0
2016-05-10,0,2036,0
2016-05-11,0,1945,0
2016-05-12,0,1226,0
2016-05-13,0,768,0
2016-05-14,0,451,0
2016-05-15,0,726,0
2016-05-16,0,1914,0
2016-05-17,0,1933,0
2016-05-18,0,2045,0
2016-05-19,0,1916,0
2016-05-20,0,2182,0
2016-05-21,0,1141,0
2016-05-22,0,1094,0
2016-05-23,0,1810,0
2016-05-24,0,2013,0
2016-05-25,0,2055,0
2016-05-26,0,2059,0
2016-05-27,0,1986,0
2016-05-28,0,1184,0
2016-05-29,0,1140,0
2016-05-30,0,1948,0
2016-05-31,0,1946,0
2016-06-01,0,2074,0
2016-06-02,0,2124,0
2016-06-03,0,2086,0
2016-06-04,0,1236,0
2016-06-05,0,947,0
2016-06-06,0,1959,0
2016-06-07,0,1827,0
2016-06-08,0,2048,0
2016-06-09,0,2140,0
2016-06-10,0,2041,0
2016-06-11,0,1133,0
2016-06-12,0,1084,0
2016-06-13,0,1673,0
2016-06-14,1,1990,0.0005025125628140704
2016-06-15,0,2038,0
2016-06-16,0,2177,0
2016-06-17,0,2210,0
2016-06-18,0,1213,0
2016-06-19,0,1173,0
2016-06-20,0,1914,0
2016-06-21,0,2184,0
2016-06-22,0,2106,0
2016-06-23,0,1993,0
2016-06-24,0,2024,0
2016-06-25,0,1213,0
2016-06-26,0,1213,0
2016-06-27,0,1905,0
2016-06-28,0,1981,0
2016-06-29,0,1377,0
2016-06-30,0,2038,0
2016-07-01,0,2119,0
2016-07-02,0,1404,0
2016-07-03,0,1235,0
2016-07-04,0,1916,0
2016-07-05,0,1961,0
2016-07-06,0,1919,0
2016-07-07,0,2086,0
2016-07-08,0,1889,0
2016-07-09,0,1246,0
2016-07-10,0,1151,0
2016-07-11,0,1991,0
2016-07-12,0,1944,0
2016-07-13,0,2079,0
2016-07-14,0,1862,0
2016-07-15,0,1968,0
2016-07-16,0,1121,0
2016-07-17,0,1147,0
2016-07-18,0,1872,0
2016-07-19,0,1921,0
2016-07-20,0,2128,0
2016-07-21,0,2205,0
2016-07-22,0,1551,0
2016-07-23,0,1149,0
2016-07-24,0,1170,0
2016-07-25,0,1933,0
2016-07-26,0,2041,0
2016-07-27,0,2030,0
2016-07-28,0,2036,0
2016-07-29,0,2002,0
2016-07-30,0,1164,0
2016-07-31,0,1259,0
2016-08-01,0,1969,0
2016-08-02,0,2142,0
2016-08-03,0,2187,0
2016-08-04,0,2129,0
2016-08-05,0,2072,0
2016-08-06,0,1191,0
2016-08-07,0,1337,0
2016-08-08,0,1902,0
2016-08-09,0,2041,0
2016-08-10,0,2029,0
2016-08-11,0,2158,0
2016-08-12,0,2059,0
2016-08-13,0,1230,0
2016-08-14,0,1345,0
2016-08-15,0,1993,0
2016-08-16,0,2265,0
2016-08-17,0,2555,0
2016-08-18,0,2491,0
2016-08-19,0,2207,0
2016-08-20,0,1637,0
2016-08-21,0,1413,0
2016-08-22,0,1987,0
2016-08-23,0,2350,0
2016-08-24,0,2297,0
2016-08-25,0,2540,0
2016-08-26,0,2369,0
2016-08-27,0,1461,0
2016-08-28,0,1468,0
2016-08-29,0,2080,0
2016-08-30,0,2463,0
2016-08-31,0,2424,0
2016-09-01,0,2545,0
2016-09-02,0,2464,0
2016-09-03,0,1367,0
2016-09-04,0,1390,0
2016-09-05,0,2338,0
2016-09-06,0,2592,0
2016-09-07,0,2263,0
2016-09-08,0,2332,0
2016-09-09,0,2417,0
2016-09-10,0,1634,0
2016-09-11,0,1416,0
2016-09-12,0,2387,0
2016-09-13,0,2307,0
2016-09-14,1,2418,0.00041356492969396195
2016-09-15,0,2636,0
2016-09-16,0,2238,0
2016-09-17,0,1480,0
2016-09-18,0,1418,0
2016-09-19,0,2269,0
2016-09-20,0,2590,0
2016-09-21,0,2308,0
2016-09-22,0,2675,0
2016-09-23,0,2448,0
2016-09-24,0,1671,0
2016-09-25,0,1360,0
2016-09-26,0,2216,0
2016-09-27,0,2335,0
2016-09-28,0,2384,0
2016-09-29,0,2228,0
2016-09-30,0,2501,0
2016-10-01,0,1443,0
2016-10-02,0,1525,0
2016-10-03,0,2114,0
2016-10-04,0,2498,0
2016-10-05,0,2460,0
2016-10-06,0,2686,0
2016-10-07,0,2297,0
2016-10-08,0,1429,0
2016-10-09,0,1575,0
2016-10-10,0,1626,0
2016-10-11,0,1605,0
2016-10-12,0,1535,0
2016-10-13,0,1609,0
2016-10-14,0,1576,0
2016-10-15,0,838,0
2016-10-16,0,829,0
2016-10-17,0,2139,0
2016-10-18,0,1405,0
2016-10-19,0,1601,0
2016-10-20,0,1426,0
2016-10-21,0,1502,0
2016-10-22,0,1059,0
2016-10-23,0,1627,0
2016-10-24,0,1934,0
2016-10-25,3,1450,0.0020689655172413794
2016-10-26,0,1599,0
2016-10-27,0,1619,0
2016-10-28,0,1453,0
2016-10-29,0,989,0
2016-10-30,0,1267,0
2016-10-31,0,1896,0
2016-11-01,0,1395,0
2016-11-02,0,1401,0
2016-11-03,0,1490,0
2016-11-04,0,1363,0
2016-11-05,0,1065,0
2016-11-06,0,1273,0
2016-11-07,0,1861,0
2016-11-08,0,1411,0
2016-11-09,0,1267,0
2016-11-10,0,1380,0
2016-11-11,0,1358,0
2016-11-12,0,968,0
2016-11-13,0,1158,0
2016-11-14,0,1335,0
2016-11-15,0,1404,0
2016-11-16,0,1216,0
2016-11-17,0,1380,0
2016-11-18,0,1288,0
2016-11-19,0,849,0
2016-11-20,0,1230,0
2016-11-21,0,1794,0
2016-11-22,0,1378,0
2016-11-23,0,1413,0
2016-11-24,0,1295,0
2016-11-25,0,1295,0
2016-11-26,0,976,0
2016-11-27,0,1459,0
2016-11-28,0,1865,0
2016-11-29,0,1304,0
2016-11-30,0,1464,0
2016-12-01,0,1290,0
2016-12-02,0,1192,0
2016-12-03,0,1003,0
2016-12-04,0,966,0
2016-12-05,0,1339,0
2016-12-06,0,1254,0
2016-12-07,0,1265,0
2016-12-08,0,1299,0
2016-12-09,0,1335,0
2016-12-10,0,824,0
2016-12-11,0,1024,0
2016-12-12,0,1254,0
2016-12-13,0,1178,0
2016-12-14,0,1217,0
2016-12-15,0,1172,0
2016-12-16,0,1124,0
2016-12-17,0,782,0
2016-12-18,0,1187,0
2016-12-19,0,1752,0
2016-12-20,0,1166,0
2016-12-21,0,1082,0
2016-12-22,0,1100,0
2016-12-23,0,1055,0
2016-12-24,0,615,0
2016-12-25,0,775,0
2016-12-26,0,1250,0
2016-12-27,0,1025,0
2016-12-28,0,941,0
2016-12-29,0,998,0
2016-12-30,0,998,0
2016-12-31,0,829,0
2017-01-01,0,1145,0
2017-01-02,0,1507,0
2017-01-03,0,1706,0
2017-01-04,0,2001,0
2017-01-05,0,2029,0
2017-01-06,0,1947,0
2017-01-07,0,1156,0
2017-01-08,0,1169,0
2017-01-09,0,1825,0
2017-01-10,0,1908,0
2017-01-11,0,2042,0
2017-01-12,0,2210,0
2017-01-13,0,2005,0
2017-01-14,0,1172,0
2017-01-15,0,1356,0
2017-01-16,0,2009,0
2017-01-17,0,2147,0
2017-01-18,0,2308,0
2017-01-19,0,2374,0
2017-01-20,0,2072,0
2017-01-21,0,1386,0
2017-01-22,0,1316,0
2017-01-23,0,2274,0
2017-01-24,0,2185,0
2017-01-25,0,2375,0
2017-01-26,0,2065,0
2017-01-27,0,2031,0
2017-01-28,0,1348,0
2017-01-29,0,1438,0
2017-01-30,0,2180,0
2017-01-31,0,2453,0
2017-02-01,0,2464,0
2017-02-02,0,2453,0
2017-02-03,0,2337,0
2017-02-04,0,1454,0
2017-02-05,0,1556,0
2017-02-06,0,2265,0
2017-02-07,0,2423,0
2017-02-08,0,2591,0
2017-02-09,0,2561,0
2017-02-10,0,2362,0
2017-02-11,0,1381,0
2017-02-12,0,1408,0
2017-02-13,0,2235,0
2017-02-14,0,2447,0
2017-02-15,0,2460,0
2017-02-16,0,2488,0
2017-02-17,0,2311,0
2017-02-18,0,1365,0
2017-02-19,0,1447,0
2017-02-20,0,2091,0
2017-02-21,0,2296,0
2017-02-22,0,2408,0
2017-02-23,0,2623,0
2017-02-24,0,2352,0
2017-02-25,0,1482,0
2017-02-26,0,1415,0
2017-02-27,0,2181,0
2017-02-28,0,2341,0
2017-03-01,0,2575,0
2017-03-02,0,2553,0
2017-03-03,0,2247,0
2017-03-04,0,1422,0
2017-03-05,0,1455,0
2017-03-06,0,2179,0
2017-03-07,0,2347,0
2017-03-08,0,2458,0
2017-03-09,0,2549,0
2017-03-10,0,2329,0
2017-03-11,0,1366,0
2017-03-12,0,1422,0
2017-03-13,0,2203,0
2017-03-14,0,2297,0
2017-03-15,0,2518,0
2017-03-16,0,2648,0
2017-03-17,0,2403,0
2017-03-18,0,1397,0
2017-03-19,0,1416,0
2017-03-20,0,2299,0
2017-03-21,0,2618,0
2017-03-22,0,2568,0
2017-03-23,0,2686,0
2017-03-24,0,2397,0
2017-03-25,0,1467,0
2017-03-26,0,1506,0
2017-03-27,0,2391,0
2017-03-28,0,2476,0
2017-03-29,0,2546,0
2017-03-30,0,2674,0
2017-03-31,0,2588,0
2017-04-01,0,1447,0
2017-04-02,0,1462,0
2017-04-03,0,2473,0
2017-04-04,0,2625,0
2017-04-05,0,3570,0
2017-04-06,0,4117,0
2017-04-07,0,3946,0
2017-04-08,0,2972,0
2017-04-09,0,2665,0
2017-04-10,0,3393,0
2017-04-11,0,3863,0
2017-04-12,0,3862,0
2017-04-13,0,3960,0
2017-04-14,0,2913,0
2017-04-15,0,2688,0
2017-04-16,0,2330,0
2017-04-17,0,3055,0
2017-04-18,0,3604,0
2017-04-19,0,3787,0
2017-04-20,0,4138,0
2017-04-21,0,3839,0
2017-04-22,0,2921,0
2017-04-23,0,2924,0
2017-04-24,0,3657,0
2017-04-25,0,3442,0
2017-04-26,0,4058,0
2017-04-27,0,4219,0
2017-04-28,0,3936,0
2017-04-29,0,2689,0
2017-04-30,0,2739,0
2017-05-01,0,3592,0
2017-05-02,0,3827,0
2017-05-03,0,3565,0
2017-05-04,0,3720,0
2017-05-05,0,3538,0
2017-05-06,0,2655,0
2017-05-07,0,2545,0
2017-05-08,0,3577,0
2017-05-09,0,3856,0
2017-05-10,0,4090,0
2017-05-11,0,4094,0
2017-05-12,0,4063,0
2017-05-13,0,2853,0
2017-05-14,0,2587,0
2017-05-15,0,3689,0
2017-05-16,0,3927,0
2017-05-17,0,3973,0
2017-05-18,0,4194,0
2017-05-19,0,4041,0
2017-05-20,0,2663,0
2017-05-21,0,2800,0
2017-05-22,0,3576,0
2017-05-23,0,3830,0
2017-05-24,0,4018,0
2017-05-25,0,4163,0
2017-05-26,0,4041,0
2017-05-27,0,2659,0
2017-05-28,0,2599,0
2017-05-29,0,3637,0
2017-05-30,0,3839,0
2017-05-31,0,3947,0
2017-06-01,0,4046,0
2017-06-02,0,3878,0
2017-06-03,0,2720,0
2017-06-04,0,2239,0
2017-06-05,0,3508,0
2017-06-06,0,3700,0
2017-06-07,0,4016,0
2017-06-08,0,4176,0
2017-06-09,0,3871,0
2017-06-10,0,3091,0
2017-06-11,0,2512,0
2017-06-12,0,3535,0
2017-06-13,0,3405,0
2017-06-14,0,3686,0
2017-06-15,0,3895,0
2017-06-16,0,3787,0
2017-06-17,0,2635,0
2017-06-18,0,2383,0
2017-06-19,0,3689,0
2017-06-20,0,3593,0
2017-06-21,0,3812,0
2017-06-22,0,4124,0
2017-06-23,0,4030,0
2017-06-24,0,2829,0
2017-06-25,0,2522,0
2017-06-26,0,3668,0
2017-06-27,0,3871,0
2017-06-28,0,3881,0
2017-06-29,0,3749,0
2017-06-30,0,3831,0
2017-07-01,0,2811,0
2017-07-02,0,2637,0
2017-07-03,0,3400,0
2017-07-04,0,3665,0
2017-07-05,0,3644,0
2017-07-06,0,3795,0
2017-07-07,0,3715,0
2017-07-08,0,2790,0
2017-07-09,0,2605,0
2017-07-10,0,3309,0
2017-07-11,0,3633,0
2017-07-12,0,3872,0
2017-07-13,0,3808,0
2017-07-14,0,3729,0
2017-07-15,0,2940,0
2017-07-16,0,2482,0
2017-07-17,0,3429,0
2017-07-18,0,3623,0
2017-07-19,0,3676,0
2017-07-20,0,3804,0
2017-07-21,0,3667,0
2017-07-22,0,2635,0
2017-07-23,0,2690,0
2017-07-24,0,3411,0
2017-07-25,0,3545,0
2017-07-26,0,3904,0
2017-07-27,0,3698,0
2017-07-28,0,3863,0
2017-07-29,0,2778,0
2017-07-30,0,2477,0
2017-07-31,0,3178,0
2017-08-01,0,3422,0
2017-08-02,0,3661,0
2017-08-03,0,3579,0
2017-08-04,0,3810,0
2017-08-05,0,2621,0
2017-08-06,0,2429,0
2017-08-07,0,3378,0
2017-08-08,0,3783,0
2017-08-09,0,3903,0
2017-08-10,0,3832,0
2017-08-11,0,3708,0
2017-08-12,0,2735,0
2017-08-13,0,2400,0
2017-08-14,0,3432,0
2017-08-15,0,3741,0
2017-08-16,0,3737,0
2017-08-17,0,4034,0
2017-08-18,0,3830,0
2017-08-19,0,2815,0
2017-08-20,0,2460,0
2017-08-21,0,3492,0
2017-08-22,0,3504,0
2017-08-23,0,3765,0
2017-08-24,0,3743,0
2017-08-25,0,3472,0
2017-08-26,0,1833,0
2017-08-27,0,1816,0
2017-08-28,0,2344,0
2017-08-29,0,2083,0
2017-08-30,0,1890,0
2017-08-31,0,1947,0
2017-09-01,0,1918,0
2017-09-02,0,1372,0
2017-09-03,0,1423,0
2017-09-04,0,2034,0
2017-09-05,0,1970,0
2017-09-06,0,1961,0
2017-09-07,0,1981,0
2017-09-08,0,1899,0
2017-09-09,0,1542,0
2017-09-10,0,1591,0
2017-09-11,0,1998,0
2017-09-12,0,2044,0
2017-09-13,0,1891,0
2017-09-14,0,2077,0
2017-09-15,0,1919,0
2017-09-16,0,1252,0
2017-09-17,0,1396,0
2017-09-18,0,2026,0
2017-09-19,0,2929,0
2017-09-20,0,3049,0
2017-09-21,0,3054,0
2017-09-22,0,1968,0
2017-09-23,0,2010,0
2017-09-24,0,1333,0
2017-09-25,0,1801,0
2017-09-26,0,1817,0
2017-09-27,0,1864,0
2017-09-28,0,1662,0
2017-09-29,0,1696,0
2017-09-30,0,1225,0
2017-10-01,0,1491,0
2017-10-02,0,1663,0
2017-10-03,0,1964,0
2017-10-04,0,2977,0
2017-10-05,0,3023,0
2017-10-06,0,2805,0
2017-10-07,0,1392,0
2017-10-08,0,1476,0
2017-10-09,0,1941,0
2017-10-10,0,1865,0
2017-10-11,0,2121,0
2017-10-12,0,2897,0
2017-10-13,0,1750,0
2017-10-14,0,1264,0
2017-10-15,0,1336,0
2017-10-16,0,1868,0
2017-10-17,0,1747,0
2017-10-18,0,1842,0
2017-10-19,0,1960,0
2017-10-20,0,1803,0
2017-10-21,0,1343,0
2017-10-22,0,1653,0
2017-10-23,0,2001,0
2017-10-24,0,2796,0
2017-10-25,0,2693,0
2017-10-26,0,2772,0
2017-10-27,0,1661,0
2017-10-28,0,1219,0
2017-10-29,0,1352,0
2017-10-30,0,1662,0
2017-10-31,0,1717,0
2017-11-01,0,2039,0
2017-11-02,0,2573,0
2017-11-03,0,2077,0
2017-11-04,0,1811,0
2017-11-05,0,1218,0
2017-11-06,0,1828,0
2017-11-07,0,2591,0
2017-11-08,0,2816,0
2017-11-09,0,2867,0
2017-11-10,0,2451,0
2017-11-11,0,1106,0
2017-11-12,0,1199,0
2017-11-13,0,1824,0
2017-11-14,0,2869,0
2017-11-15,0,2766,0
2017-11-16,0,2749,0
2017-11-17,0,2493,0
2017-11-18,0,1164,0
2017-11-19,0,1146,0
2017-11-20,0,1609,0
2017-11-21,0,1901,0
2017-11-22,0,2787,0
2017-11-23,0,2404,0
2017-11-24,0,1588,0
2017-11-25,0,1220,0
2017-11-26,0,1211,0
2017-11-27,0,1539,0
2017-11-28,0,1864,0
2017-11-29,0,2793,0
2017-11-30,0,2794,0
2017-12-01,0,2825,0
2017-12-02,0,1793,0
2017-12-03,0,1296,0
2017-12-04,0,2331,0
2017-12-05,0,3385,0
2017-12-06,0,3880,0
2017-12-07,0,5044,0
2017-12-08,0,4580,0
2017-12-09,0,2783,0
2017-12-10,0,2763,0
2017-12-11,0,4288,0
2017-12-12,0,4724,0
2017-12-13,0,4622,0
2017-12-14,0,4648,0
2017-12-15,0,4481,0
2017-12-16,0,2750,0
2017-12-17,0,2982,0
2017-12-18,0,4137,0
2017-12-19,0,4403,0
2017-12-20,0,4323,0
2017-12-21,0,4193,0
2017-12-22,0,3912,0
2017-12-23,0,2253,0
2017-12-24,0,1091,0
2017-12-25,0,943,0
2017-12-26,0,1854,0
2017-12-27,0,3242,0
2017-12-28,0,3470,0
2017-12-29,0,3412,0
2017-12-30,0,2037,0
2017-12-31,0,1281,0
2018-01-01,0,1955,0
2018-01-02,0,3637,0
2018-01-03,0,3640,0
2018-01-04,0,3975,0
2018-01-05,0,3718,0
2018-01-06,0,2293,0
2018-01-07,0,2523,0
2018-01-08,0,3934,0
2018-01-09,0,4132,0
2018-01-10,0,3826,0
2018-01-11,0,4383,0
2018-01-12,0,4293,0
2018-01-13,0,2606,0
2018-01-14,0,2615,0
2018-01-15,0,3786,0
2018-01-16,0,4343,0
2018-01-17,0,4361,0
2018-01-18,0,4823,0
2018-01-19,0,3959,0
2018-01-20,0,2593,0
2018-01-21,0,2914,0
2018-01-22,0,4096,0
2018-01-23,0,4310,0
2018-01-24,0,4500,0
2018-01-25,0,4826,0
2018-01-26,0,4232,0
2018-01-27,0,2758,0
2018-01-28,0,2616,0
2018-01-29,0,4021,0
2018-01-30,0,3974,0
2018-01-31,0,4204,0
2018-02-01,0,4141,0
2018-02-02,0,4201,0
2018-02-03,0,2831,0
2018-02-04,0,2705,0
2018-02-05,0,4118,0
2018-02-06,0,4512,0
2018-02-07,0,4663,0
2018-02-08,0,4936,0
2018-02-09,0,4321,0
2018-02-10,0,2818,0
2018-02-11,0,2884,0
2018-02-12,0,4027,0
2018-02-13,0,4451,0
2018-02-14,0,4854,0
2018-02-15,0,4880,0
2018-02-16,0,4654,0
2018-02-17,0,2791,0
2018-02-18,0,2860,0
2018-02-19,0,4177,0
2018-02-20,0,4341,0
2018-02-21,0,4338,0
2018-02-22,0,4523,0
2018-02-23,0,4729,0
2018-02-24,0,2793,0
2018-02-25,0,2894,0
2018-02-26,0,4121,0
2018-02-27,0,4725,0
2018-02-28,0,5009,0
2018-03-01,0,4900,0
2018-03-02,0,4909,0
2018-03-03,0,2892,0
2018-03-04,0,3116,0
2018-03-05,0,4354,0
2018-03-06,0,4728,0
2018-03-07,0,5018,0
2018-03-08,0,4974,0
2018-03-09,0,4455,0
2018-03-10,0,3214,0
2018-03-11,0,3076,0
2018-03-12,0,4257,0
2018-03-13,0,4741,0
2018-03-14,0,4845,0
2018-03-15,0,5238,0
2018-03-16,0,5304,0
2018-03-17,0,3754,0
2018-03-18,0,3463,0
2018-03-19,0,4642,0
2018-03-20,0,4978,0
2018-03-21,0,5309,0
2018-03-22,0,4702,0
2018-03-23,0,4955,0
2018-03-24,0,3527,0
2018-03-25,0,3381,0
2018-03-26,0,4325,0
2018-03-27,0,4479,0
2018-03-28,0,4287,0
2018-03-29,0,4303,0
2018-03-30,0,2064,0
2018-03-31,0,1918,0
2018-04-01,0,2142,0
2018-04-02,0,3798,0
2018-04-03,0,4614,0
2018-04-04,0,4332,0
2018-04-05,0,4777,0
2018-04-06,0,5045,0
2018-04-07,0,3504,0
2018-04-08,0,2578,0
2018-04-09,0,2695,0
2018-04-10,0,3006,0
2018-04-11,0,3054,0
2018-04-12,0,3098,0
2018-04-13,0,3226,0
2018-04-14,0,2126,0
2018-04-15,0,1891,0
2018-04-16,0,2741,0
2018-04-17,0,2854,0
2018-04-18,0,3018,0
2018-04-19,0,3061,0
2018-04-20,0,2938,0
2018-04-21,0,2061,0
2018-04-22,0,1797,0
2018-04-23,0,2760,0
2018-04-24,0,2783,0
2018-04-25,0,2675,0
2018-04-26,0,3099,0
2018-04-27,0,2834,0
2018-04-28,0,1897,0
2018-04-29,0,1797,0
2018-04-30,0,2750,0
2018-05-01,0,3568,0
2018-05-02,0,4418,0
2018-05-03,0,4803,0
2018-05-04,0,4821,0
2018-05-05,0,3133,0
2018-05-06,0,3223,0
2018-05-07,0,4648,0
2018-05-08,0,5140,0
2018-05-09,0,5246,0
2018-05-10,0,5570,0
2018-05-11,0,5130,0
2018-05-12,0,3419,0
2018-05-13,0,3278,0
2018-05-14,0,5041,0
2018-05-15,0,5275,0
2018-05-16,0,5346,0
2018-05-17,0,5539,0
2018-05-18,0,5071,0
2018-05-19,0,3691,0
2018-05-20,0,3234,0
2018-05-21,0,4806,0
2018-05-22,0,5169,0
2018-05-23,0,5525,0
2018-05-24,0,5644,0
2018-05-25,0,4818,0
2018-05-26,0,2189,0
2018-05-27,0,1791,0
2018-05-28,0,2698,0
2018-05-29,0,2999,0
2018-05-30,0,3063,0
2018-05-31,0,3119,0
2018-06-01,0,3416,0
2018-06-02,0,3714,0
2018-06-03,0,3312,0
2018-06-04,0,4759,0
2018-06-05,0,5559,0
2018-06-06,0,5251,0
2018-06-07,0,5457,0
2018-06-08,0,5531,0
2018-06-09,0,3746,0
2018-06-10,0,3242,0
2018-06-11,0,4372,0
2018-06-12,0,4652,0
2018-06-13,0,25976,0
2018-06-14,0,5633,0
2018-06-15,0,5422,0
2018-06-16,0,3547,0
2018-06-17,0,3336,0
2018-06-18,0,4903,0
2018-06-19,0,5415,0
2018-06-20,0,5130,0
2018-06-21,0,5570,0
2018-06-22,0,5137,0
2018-06-23,1,3457,0.0002892681515765114
2018-06-24,0,3350,0
2018-06-25,0,4566,0
2018-06-26,1,4990,0.0002004008016032064
2018-06-27,0,5229,0
2018-06-28,0,5503,0
2018-06-29,0,5519,0
2018-06-30,0,3385,0
2018-07-01,0,3201,0
2018-07-02,0,4543,0
2018-07-03,0,5011,0
2018-07-04,0,4815,0
2018-07-05,0,4983,0
2018-07-06,0,4904,0
2018-07-07,0,3462,0
2018-07-08,0,2749,0
2018-07-09,0,4784,0
2018-07-10,1,5314,0.0001881821603312006
2018-07-11,0,4888,0
2018-07-12,0,5259,0
2018-07-13,0,4757,0
2018-07-14,0,3414,0
2018-07-15,0,3136,0
2018-07-16,1,4543,0.00022011886418666079
2018-07-17,0,5086,0
2018-07-18,0,5080,0
2018-07-19,0,5223,0
2018-07-20,0,4133,0
2018-07-21,0,3396,0
2018-07-22,0,3326,0
2018-07-23,0,4632,0
2018-07-24,0,4795,0
2018-07-25,0,5137,0
2018-07-26,1,5314,0.0001881821603312006
2018-07-27,0,4955,0
2018-07-28,0,3454,0
2018-07-29,0,3193,0
2018-07-30,0,4508,0
2018-07-31,0,5335,0
2018-08-01,0,5196,0
2018-08-02,0,5554,0
2018-08-03,0,4980,0
2018-08-04,0,3266,0
2018-08-05,0,3118,0
2018-08-06,0,4764,0
2018-08-07,0,5089,0
2018-08-08,0,4804,0
2018-08-09,0,5503,0
2018-08-10,0,5191,0
2018-08-11,0,3416,0
2018-08-12,0,3048,0
2018-08-13,0,4776,0
2018-08-14,0,5094,0
2018-08-15,1,5183,0.00019293845263360988
2018-08-16,0,4902,0
2018-08-17,0,4791,0
2018-08-18,0,3365,0
2018-08-19,0,3091,0
2018-08-20,0,4725,0
2018-08-21,0,5196,0
2018-08-22,0,5090,0
2018-08-23,0,5269,0
2018-08-24,0,5278,0
2018-08-25,0,3576,0
2018-08-26,0,3305,0
2018-08-27,0,4734,0
2018-08-28,1,5200,0.0001923076923076923
2018-08-29,0,5253,0
2018-08-30,0,5081,0
2018-08-31,1,4583,0.0002181976871045167
2018-09-01,3,3282,0.0009140767824497258
2018-09-02,1,2877,0.0003475842891901286
2018-09-03,0,4149,0
2018-09-04,6,4426,0.0013556258472661546
2018-09-05,0,3706,0
2018-09-06,0,3566,0
2018-09-07,0,2801,0
2018-09-08,0,1569,0
2018-09-09,0,1144,0
2018-09-10,0,2234,0
2018-09-11,0,2101,0
2018-09-12,0,2761,0
2018-09-13,0,673,0
2018-09-14,0,758,0
2018-09-15,0,629,0
2018-09-16,0,390,0
2018-09-17,0,982,0
2018-09-18,0,2031,0
2018-09-19,0,2030,0
2018-09-20,0,2086,0
2018-09-21,0,2191,0
2018-09-22,0,1481,0
2018-09-23,0,1736,0
2018-09-24,0,2026,0
2018-09-25,0,2060,0
2018-09-26,0,1912,0
2018-09-27,0,2286,0
2018-09-28,0,2078,0
2018-09-29,0,1911,0
2018-09-30,0,1710,0
2018-10-01,0,2462,0
2018-10-02,0,3890,0
2018-10-03,0,4088,0
2018-10-04,0,3383,0
2018-10-05,0,3835,0
2018-10-06,0,1844,0
2018-10-07,0,2961,0
2018-10-08,0,3824,0
2018-10-09,0,4342,0
2018-10-10,0,4560,0
2018-10-11,0,4466,0
2018-10-12,0,4033,0
2018-10-13,0,3160,0
2018-10-14,0,2902,0
2018-10-15,0,3974,0
2018-10-16,0,3019,0
2018-10-17,0,3380,0
2018-10-18,0,4743,0
2018-10-19,0,4004,0
2018-10-20,0,3042,0
2018-10-21,0,3082,0
2018-10-22,0,3678,0
2018-10-23,0,4220,0
2018-10-24,0,4044,0
2018-10-25,0,4852,0
2018-10-26,0,4289,0
2018-10-27,0,3004,0
2018-10-28,0,3078,0
2018-10-29,0,3946,0
2018-10-30,0,4371,0
2018-10-31,0,4425,0
2018-11-01,0,4292,0
2018-11-02,0,2654,0
2018-11-03,0,1283,0
2018-11-04,0,405,0
2018-11-05,0,639,0
2018-11-06,0,879,0
2018-11-07,0,378,0
2018-11-08,0,639,0
2018-11-09,0,1793,0
2018-11-10,0,1350,0
2018-11-11,0,1349,0
2018-11-12,0,1737,0
2018-11-13,0,1791,0
2018-11-14,0,1592,0
2018-11-15,0,1877,0
2018-11-16,0,1249,0
2018-11-17,0,950,0
2018-11-18,0,1541,0
2018-11-19,0,2019,0
2018-11-20,0,1823,0
2018-11-21,0,1197,0
2018-11-22,0,852,0
2018-11-23,0,834,0
2018-11-24,0,794,0
2018-11-25,0,531,0
2018-11-26,0,1640,0
2018-11-27,0,1855,0
2018-11-28,0,1912,0
2018-11-29,0,2069,0
2018-11-30,0,1378,0
2018-12-01,0,2065,0
2018-12-02,0,2905,0
2018-12-03,0,4565,0
2018-12-04,0,4609,0
2018-12-05,0,4973,0
2018-12-06,0,4950,0
2018-12-07,0,4831,0
2018-12-08,0,3019,0
2018-12-09,0,2890,0
2018-12-10,0,4196,0
2018-12-11,0,4593,0
2018-12-12,0,4883,0
2018-12-13,0,5261,0
2018-12-14,0,4411,0
2018-12-15,0,2380,0
2018-12-16,0,2437,0
2018-12-17,0,3942,0
2018-12-18,0,4417,0
2018-12-19,0,3988,0
2018-12-20,0,4101,0
2018-12-21,0,2936,0
2018-12-22,0,2319,0
2018-12-23,0,2138,0
2018-12-24,0,2554,0
2018-12-25,0,1310,0
2018-12-26,0,1808,0
2018-12-27,0,2998,0
2018-12-28,0,3230,0
2018-12-29,0,2315,0
2018-12-30,0,2097,0
2018-12-31,0,2782,0
2019-01-01,0,2701,0
2019-01-02,0,3268,0
2019-01-03,0,3506,0
2019-01-04,0,3366,0
2019-01-05,0,2665,0
2019-01-06,0,2587,0
2019-01-07,0,3713,0
2019-01-08,0,3989,0
2019-01-09,0,4051,0
2019-01-10,0,1782,0
2019-01-11,0,801,0
2019-01-12,0,2123,0
2019-01-13,0,2724,0
2019-01-14,0,3902,0
2019-01-15,0,4052,0
2019-01-16,0,1702,0
2019-01-17,0,3445,0
2019-01-18,1,3935,0.00025412960609911054
2019-01-19,0,2750,0
2019-01-20,0,2619,0
2019-01-21,0,3731,0
2019-01-22,0,4265,0
2019-01-23,0,4307,0
2019-01-24,0,4249,0
2019-01-25,0,4388,0
2019-01-26,0,3191,0
2019-01-27,0,2634,0
2019-01-28,0,3509,0
2019-01-29,0,4493,0
2019-01-30,0,4275,0
2019-01-31,0,4263,0
2019-02-01,0,4152,0
2019-02-02,0,3030,0
2019-02-03,0,2518,0
2019-02-04,0,3192,0
2019-02-05,0,4463,0
2019-02-06,0,4531,0
2019-02-07,0,4586,0
2019-02-08,0,4421,0
2019-02-09,0,2892,0
2019-02-10,0,2863,0
2019-02-11,0,4118,0
2019-02-12,0,4593,0
2019-02-13,0,4172,0
2019-02-14,0,4273,0
2019-02-15,0,3830,0
2019-02-16,0,2611,0
2019-02-17,0,2637,0
2019-02-18,0,3955,0
2019-02-19,0,3911,0
2019-02-20,0,3816,0
2019-02-21,0,3927,0
2019-02-22,0,3911,0
2019-02-23,0,2590,0
2019-02-24,0,2337,0
2019-02-25,0,4215,0
2019-02-26,0,4806,0
2019-02-27,0,4928,0
2019-02-28,0,5055,0
2019-03-01,0,4899,0
2019-03-02,0,2980,0
2019-03-03,0,2998,0
2019-03-04,0,4814,0
2019-03-05,0,4839,0
2019-03-06,0,5051,0
2019-03-07,0,4977,0
2019-03-08,0,4707,0
2019-03-09,0,2934,0
2019-03-10,0,2928,0
2019-03-11,0,3891,0
2019-03-12,0,3602,0
2019-03-13,0,5080,0
2019-03-14,0,4849,0
2019-03-15,0,4748,0
2019-03-16,0,2954,0
2019-03-17,0,3013,0
2019-03-18,0,4873,0
2019-03-19,0,4773,0
2019-03-20,0,4794,0
2019-03-21,0,4747,0
2019-03-22,0,4644,0
2019-03-23,0,3325,0
2019-03-24,0,2836,0
2019-03-25,0,4629,0
2019-03-26,0,4997,0
2019-03-27,0,5262,0
2019-03-28,0,5220,0
2019-03-29,0,5197,0
2019-03-30,0,3514,0
2019-03-31,0,3398,0
2019-04-01,0,4083,0
2019-04-02,0,3506,0
2019-04-03,0,4792,0
2019-04-04,0,4845,0
2019-04-05,0,4767,0
2019-04-06,0,2785,0
2019-04-07,0,3455,0
2019-04-08,0,4795,0
2019-04-09,0,4800,0
2019-04-10,0,5068,0
2019-04-11,0,4950,0
2019-04-12,0,5213,0
2019-04-13,0,3476,0
2019-04-14,0,3116,0
2019-04-15,0,4517,0
2019-04-16,0,4805,0
2019-04-17,0,4892,0
2019-04-18,0,4665,0
2019-04-19,0,3158,0
2019-04-20,0,2677,0
2019-04-21,0,2667,0
2019-04-22,0,3556,0
2019-04-23,0,4590,0
2019-04-24,0,4782,0
2019-04-25,0,4688,0
2019-04-26,0,4570,0
2019-04-27,0,3032,0
2019-04-28,0,3085,0
2019-04-29,0,4567,0
2019-04-30,0,4954,0
2019-05-01,0,5084,0
2019-05-02,0,5039,0
2019-05-03,0,4804,0
2019-05-04,0,3138,0
2019-05-05,0,3192,0
2019-05-06,0,4446,0
2019-05-07,0,4833,0
2019-05-08,0,4331,0
2019-05-09,0,3763,0
2019-05-10,0,3712,0
2019-05-11,0,2212,0
2019-05-12,0,2052,0
2019-05-13,0,3400,0
2019-05-14,0,3577,0
2019-05-15,0,3790,0
2019-05-16,0,4125,0
2019-05-17,0,4133,0
2019-05-18,0,3239,0
2019-05-19,0,2749,0
2019-05-20,0,4353,0
2019-05-21,0,4651,0
2019-05-22,0,4833,0
2019-05-23,0,4796,0
2019-05-24,0,4574,0
2019-05-25,0,3126,0
2019-05-26,0,3067,0
2019-05-27,0,4194,0
2019-05-28,0,4383,0
2019-05-29,0,4842,0
2019-05-30,0,5458,0
2019-05-31,0,4987,0
2019-06-01,0,3097,0
2019-06-02,0,2937,0
2019-06-03,0,4221,0
2019-06-04,0,4878,0
2019-06-05,1,4913,0.0002035416242621616
2019-06-06,0,5094,0
2019-06-07,0,4771,0
2019-06-08,0,3032,0
2019-06-09,0,2841,0
2019-06-10,0,3912,0
2019-06-11,0,4452,0
2019-06-12,0,4758,0
2019-06-13,0,4904,0
2019-06-14,0,4732,0
2019-06-15,0,2895,0
2019-06-16,0,2714,0
2019-06-17,0,4450,0
2019-06-18,0,4689,0
2019-06-19,0,4778,0
2019-06-20,0,4519,0
2019-06-21,0,4639,0
2019-06-22,0,2865,0
2019-06-23,0,2426,0
2019-06-24,0,4275,0
2019-06-25,0,4629,0
2019-06-26,0,4903,0
2019-06-27,0,4824,0
2019-06-28,0,4730,0
2019-06-29,0,3118,0
2019-06-30,0,2789,0
2019-07-01,0,4286,0
2019-07-02,0,3687,0
2019-07-03,0,3637,0
2019-07-04,0,3421,0
2019-07-05,0,3435,0
2019-07-06,0,1878,0
2019-07-07,0,2022,0
2019-07-08,0,3406,0
2019-07-09,0,3470,0
2019-07-10,0,3463,0
2019-07-11,0,3442,0
2019-07-12,1,3494,0.00028620492272467084
2019-07-13,0,2119,0
2019-07-14,0,1916,0
2019-07-15,0,3205,0
2019-07-16,1,3420,0.00029239766081871346
2019-07-17,0,3512,0
2019-07-18,0,3886,0
2019-07-19,0,3530,0
2019-07-20,0,2003,0
2019-07-21,0,1844,0
2019-07-22,0,3338,0
2019-07-23,0,3403,0
2019-07-24,0,3680,0
2019-07-25,0,3647,0
2019-07-26,0,3553,0
2019-07-27,0,2048,0
2019-07-28,0,1949,0
2019-07-29,0,3218,0
2019-07-30,0,3483,0
2019-07-31,0,3638,0
2019-08-01,0,3717,0
2019-08-02,0,3553,0
2019-08-03,0,1967,0
2019-08-04,0,1988,0
2019-08-05,0,3277,0
2019-08-06,0,3618,0
2019-08-07,0,3440,0
2019-08-08,0,4002,0
2019-08-09,0,4325,0
2019-08-10,0,2841,0
2019-08-11,0,2704,0
2019-08-12,0,4100,0
2019-08-13,0,4531,0
2019-08-14,1,4592,0.00021777003484320557
2019-08-15,0,4451,0
2019-08-16,0,4401,0
2019-08-17,0,2676,0
2019-08-18,0,2764,0
2019-08-19,0,4038,0
2019-08-20,0,4747,0
2019-08-21,0,5083,0
2019-08-22,0,5005,0
2019-08-23,0,4592,0
2019-08-24,0,2741,0
2019-08-25,1,2615,0.0003824091778202677
2019-08-26,0,4257,0
2019-08-27,0,4649,0
2019-08-28,0,4624,0
2019-08-29,0,4789,0
2019-08-30,0,4559,0
2019-08-31,0,2757,0
2019-09-01,0,2682,0
2019-09-02,0,4154,0
2019-09-03,0,4396,0
2019-09-04,0,4787,0
2019-09-05,0,4659,0
2019-09-06,0,4591,0
2019-09-07,0,2966,0
2019-09-08,0,2837,0
2019-09-09,0,4198,0
2019-09-10,0,3922,0
2019-09-11,0,3960,0
2019-09-12,0,4063,0
2019-09-13,0,4054,0
2019-09-14,0,2551,0
2019-09-15,0,2443,0
2019-09-16,0,3759,0
2019-09-17,0,3736,0
2019-09-18,0,4053,0
2019-09-19,0,3970,0
2019-09-20,0,3900,0
2019-09-21,0,2451,0
2019-09-22,0,2304,0
2019-09-23,0,3595,0
2019-09-24,0,3699,0
2019-09-25,0,3767,0
2019-09-26,0,3764,0
2019-09-27,0,3792,0
2019-09-28,0,2455,0
2019-09-29,0,2254,0
2019-09-30,0,3401,0
2019-10-01,0,3912,0
2019-10-02,0,3920,0
2019-10-03,0,3978,0
2019-10-04,0,3867,0
2019-10-05,0,2493,0
2019-10-06,0,2298,0
2019-10-07,0,3338,0
2019-10-08,0,3722,0
2019-10-09,0,4011,0
2019-10-10,0,3881,0
2019-10-11,0,4069,0
2019-10-12,0,2431,0
2019-10-13,0,2310,0
2019-10-14,0,3599,0
2019-10-15,0,3789,0
2019-10-16,0,4057,0
2019-10-17,0,4206,0
2019-10-18,0,3639,0
2019-10-19,0,1735,0
2019-10-20,0,2550,0
2019-10-21,0,3810,0
2019-10-22,0,4086,0
2019-10-23,0,4247,0
2019-10-24,0,4121,0
2019-10-25,0,4096,0
2019-10-26,0,2585,0
2019-10-27,0,2525,0
2019-10-28,0,3806,0
2019-10-29,0,3154,0
2019-10-30,0,4453,0
2019-10-31,0,4367,0
2019-11-01,0,4000,0
2019-11-02,0,2425,0
2019-11-03,0,1881,0
2019-11-04,0,3369,0
2019-11-05,0,3829,0
2019-11-06,0,4111,0
2019-11-07,0,4185,0
2019-11-08,0,4027,0
2019-11-09,0,2360,0
2019-11-10,0,2392,0
2019-11-11,0,3823,0
2019-11-12,0,4417,0
2019-11-13,0,3788,0
2019-11-14,0,3868,0
2019-11-15,0,3852,0
2019-11-16,0,2035,0
2019-11-17,0,2176,0
2019-11-18,0,3228,0
2019-11-19,0,4008,0
2019-11-20,0,3952,0
2019-11-21,0,4105,0
2019-11-22,0,3946,0
2019-11-23,0,2634,0
2019-11-24,0,2639,0
2019-11-25,0,3943,0
2019-11-26,0,4264,0
2019-11-27,0,4159,0
2019-11-28,0,4039,0
2019-11-29,0,3988,0
2019-11-30,0,2052,0
2019-12-01,0,1244,0
2019-12-02,0,3956,0
2019-12-03,0,4102,0
2019-12-04,0,4266,0
2019-12-05,0,4426,0
2019-12-06,0,4031,0
2019-12-07,0,2602,0
2019-12-08,0,2381,0
2019-12-09,0,3826,0
2019-12-10,0,4050,0
2019-12-11,0,4112,0
2019-12-12,0,4109,0
2019-12-13,0,3956,0
2019-12-14,0,2415,0
2019-12-15,0,2329,0
2019-12-16,0,3703,0
2019-12-17,0,4323,0
2019-12-18,0,4074,0
2019-12-19,0,4077,0
2019-12-20,0,3787,0
2019-12-21,0,2298,0
2019-12-22,0,2357,0
2019-12-23,0,3051,0
2019-12-24,0,2554,0
2019-12-25,0,1424,0
2019-12-26,0,2020,0
2019-12-27,0,2542,0
2019-12-28,0,2090,0
2019-12-29,0,2174,0
2019-12-30,0,2923,0
2019-12-31,0,2871,0
2020-01-01,1,2683,0.0003727171077152441
2020-01-02,1,3116,0.00032092426187419767
2020-01-03,0,3123,0
2020-01-04,0,3453,0
2020-01-05,0,3050,0
2020-01-06,0,3673,0
2020-01-07,0,3778,0
2020-01-08,0,3851,0
2020-01-09,0,3696,0
2020-01-10,0,3826,0
2020-01-11,0,2643,0
2020-01-12,0,2203,0
2020-01-13,0,3230,0
2020-01-14,0,3684,0
2020-01-15,0,3781,0
2020-01-16,0,4021,0
2020-01-17,0,3949,0
2020-01-18,0,2402,0
2020-01-19,0,2247,0
2020-01-20,0,3646,0
2020-01-21,0,4005,0
2020-01-22,0,3965,0
2020-01-23,0,4291,0
2020-01-24,0,4114,0
2020-01-25,0,2696,0
2020-01-26,0,2586,0
2020-01-27,0,3278,0
2020-01-28,0,4013,0
2020-01-29,0,4250,0
2020-01-30,0,4186,0
2020-01-31,0,4151,0
2020-02-01,0,2750,0
2020-02-02,0,2729,0
2020-02-03,0,3607,0
2020-02-04,0,3527,0
2020-02-05,0,3392,0
2020-02-06,0,3854,0
2020-02-07,0,4270,0
2020-02-08,0,2139,0
2020-02-09,0,2367,0
2020-02-10,0,3822,0
2020-02-11,0,3947,0
2020-02-12,0,4249,0
2020-02-13,0,4181,0
2020-02-14,0,3832,0
2020-02-15,0,2141,0
2020-02-16,0,2256,0
2020-02-17,0,3819,0
2020-02-18,0,3871,0
2020-02-19,0,4155,0
2020-02-20,0,4223,0
2020-02-21,0,4038,0
2020-02-22,0,2331,0
2020-02-23,0,2159,0
2020-02-24,0,3443,0
2020-02-25,0,4035,0
2020-02-26,0,3760,0
2020-02-27,0,3895,0
2020-02-28,0,3637,0
2020-02-29,0,2436,0
2020-03-01,0,2569,0
2020-03-02,0,3457,0
2020-03-03,0,3435,0
2020-03-04,0,3861,0
2020-03-05,0,4233,0
2020-03-06,0,3773,0
2020-03-07,0,2046,0
2020-03-08,0,2197,0
2020-03-09,0,3344,0
2020-03-10,0,3700,0
2020-03-11,0,3957,0
2020-03-12,0,4006,0
2020-03-13,0,4074,0
2020-03-14,0,2209,0
2020-03-15,0,2317,0
2020-03-16,0,4124,0
2020-03-17,0,4522,0
2020-03-18,0,4860,0
2020-03-19,0,4345,0
2020-03-20,0,4824,0
2020-03-21,0,2426,0
2020-03-22,0,2432,0
2020-03-23,0,4432,0
2020-03-24,0,5076,0
2020-03-25,0,5051,0
2020-03-26,0,5111,0
2020-03-27,0,4237,0
2020-03-28,0,2402,0
2020-03-29,0,2374,0
2020-03-30,0,3924,0
2020-03-31,0,4899,0
2020-04-01,0,4504,0
2020-04-02,0,4455,0
2020-04-03,0,4024,0
2020-04-04,0,2213,0
2020-04-05,0,2443,0
2020-04-06,0,4235,0
2020-04-07,0,4154,0
2020-04-08,0,4445,0
2020-04-09,0,4022,0
2020-04-10,0,2893,0
2020-04-11,0,2295,0
2020-04-12,0,2121,0
2020-04-13,0,3027,0
2020-04-14,0,2986,0
2020-04-15,0,4448,0
2020-04-16,0,4046,0
2020-04-17,0,4221,0
2020-04-18,0,2355,0
2020-04-19,0,2352,0
2020-04-20,0,3903,0
2020-04-21,0,5382,0
2020-04-22,0,4250,0
2020-04-23,0,4378,0
2020-04-24,0,4957,0
2020-04-25,0,2469,0
2020-04-26,0,2166,0
2020-04-27,0,3542,0
2020-04-28,0,4063,0
2020-04-29,0,4229,0
2020-04-30,0,4219,0
2020-05-01,0,4558,0
2020-05-02,0,2524,0
2020-05-03,0,2522,0
2020-05-04,0,4327,0
2020-05-05,0,4411,0
2020-05-06,0,4338,0
2020-05-07,0,4331,0
2020-05-08,0,4535,0
2020-05-09,0,2612,0
2020-05-10,0,2271,0
2020-05-11,0,4289,0
2020-05-12,0,4474,0
2020-05-13,0,4196,0
2020-05-14,0,4275,0
2020-05-15,0,4380,0
2020-05-16,0,2441,0
2020-05-17,0,2526,0
2020-05-18,0,3964,0
2020-05-19,0,4299,0
2020-05-20,0,4521,0
2020-05-21,0,3993,0
2020-05-22,0,4284,0
2020-05-23,0,2610,0
2020-05-24,0,2437,0
2020-05-25,0,3827,0
2020-05-26,0,4047,0
2020-05-27,0,4065,0
2020-05-28,0,4144,0
2020-05-29,0,4499,0
2020-05-30,0,2508,0
2020-05-31,0,2123,0
2020-06-01,0,3595,0
2020-06-02,0,3866,0
2020-06-03,0,3876,0
2020-06-04,0,3970,0
2020-06-05,0,4020,0
2020-06-06,0,2319,0
2020-06-07,0,2277,0
2020-06-08,0,3295,0
2020-06-09,0,3650,0
2020-06-10,0,3841,0
2020-06-11,0,3854,0
2020-06-12,0,3995,0
2020-06-13,0,2189,0
2020-06-14,0,2411,0
2020-06-15,0,3349,0
2020-06-16,0,3825,0
2020-06-17,0,3971,0
2020-06-18,0,3922,0
2020-06-19,0,3931,0
2020-06-20,0,2248,0
2020-06-21,0,2503,0
2020-06-22,0,3414,0
2020-06-23,0,3680,0
2020-06-24,0,3891,0
2020-06-25,0,3976,0
2020-06-26,0,3791,0
2020-06-27,0,2123,0
2020-06-28,0,2213,0
2020-06-29,0,3473,0
2020-06-30,0,3875,0
2020-07-01,0,3728,0
2020-07-02,0,3610,0
2020-07-03,0,3695,0
2020-07-04,0,2437,0
2020-07-05,0,2153,0
2020-07-06,0,3379,0
2020-07-07,0,3770,0
2020-07-08,0,3744,0
2020-07-09,0,3800,0
2020-07-10,0,3841,0
2020-07-11,0,2487,0
2020-07-12,0,2080,0
2020-07-13,0,3460,0
2020-07-14,0,3500,0
2020-07-15,0,3824,0
2020-07-16,0,3819,0
2020-07-17,0,3876,0
2020-07-18,0,2126,0
2020-07-19,0,2002,0
2020-07-20,0,3354,0
2020-07-21,0,3766,0
2020-07-22,0,3888,0
2020-07-23,0,3683,0
2020-07-24,0,3618,0
2020-07-25,0,596,0
2020-07-26,0,530,0
2020-07-27,0,1117,0
2020-07-28,0,1845,0
2020-07-29,0,3259,0
2020-07-30,0,3727,0
2020-07-31,0,3928,0
2020-08-01,0,2172,0
2020-08-02,0,2012,0
2020-08-03,0,3394,0
2020-08-04,0,3337,0
2020-08-05,0,1176,0
2020-08-06,0,1531,0
2020-08-07,0,2426,0
2020-08-08,0,2037,0
2020-08-09,0,2140,0
2020-08-10,0,3487,0
2020-08-11,0,3845,0
2020-08-12,0,3774,0
2020-08-13,0,3812,0
2020-08-14,0,3753,0
2020-08-15,0,2215,0
2020-08-16,0,2105,0
2020-08-17,0,3295,0
2020-08-18,0,3658,0
2020-08-19,0,3895,0
2020-08-20,0,4185,0
2020-08-21,0,4082,0
2020-08-22,0,2205,0
2020-08-23,0,2120,0
2020-08-24,0,3512,0
2020-08-25,0,3734,0
2020-08-26,0,3932,0
2020-08-27,0,3855,0
2020-08-28,0,3816,0
2020-08-29,0,2168,0
2020-08-30,0,2186,0
2020-08-31,0,3376,0
2020-09-01,0,3730,0
2020-09-02,0,3979,0
2020-09-03,0,4028,0
2020-09-04,0,3851,0
2020-09-05,0,2139,0
2020-09-06,0,2128,0
2020-09-07,0,3404,0
2020-09-08,0,3599,0
2020-09-09,0,3815,0
2020-09-10,0,3862,0
2020-09-11,0,3717,0
2020-09-12,0,2188,0
2020-09-13,0,2010,0
2020-09-14,0,3379,0
2020-09-15,0,3580,0
2020-09-16,0,3787,0
2020-09-17,0,3943,0
2020-09-18,0,3824,0
2020-09-19,0,2415,0
2020-09-20,0,2089,0
2020-09-21,0,3743,0
2020-09-22,0,3595,0
2020-09-23,0,3780,0
2020-09-24,0,3910,0
2020-09-25,0,3912,0
2020-09-26,0,2174,0
2020-09-27,0,2095,0
2020-09-28,0,3195,0
2020-09-29,0,3400,0
2020-09-30,0,3684,0
2020-10-01,0,3665,0
2020-10-02,0,4037,0
2020-10-03,0,2098,0
2020-10-04,0,2017,0
2020-10-05,0,2842,0
2020-10-06,0,3822,0
2020-10-07,0,3686,0
2020-10-08,0,3521,0
2020-10-09,0,3742,0
2020-10-10,0,2434,0
2020-10-11,0,2123,0
2020-10-12,0,3562,0
2020-10-13,0,3859,0
2020-10-14,0,3740,0
2020-10-15,0,3633,0
2020-10-16,0,3658,0
2020-10-17,0,2249,0
2020-10-18,0,2357,0
2020-10-19,0,3197,0
2020-10-20,0,3806,0
2020-10-21,0,3609,0
2020-10-22,0,3689,0
2020-10-23,0,3662,0
2020-10-24,0,2129,0
2020-10-25,0,2319,0
2020-10-26,0,3194,0
2020-10-27,0,3443,0
2020-10-28,0,3934,0
2020-10-29,0,3647,0
2020-10-30,0,3704,0
2020-10-31,0,2396,0
2020-11-01,0,2251,0
2020-11-02,0,3605,0
2020-11-03,0,3414,0
2020-11-04,0,3761,0
2020-11-05,0,3407,0
2020-11-06,0,3424,0
2020-11-07,0,2101,0
2020-11-08,0,2478,0
2020-11-09,0,3569,0
2020-11-10,0,3422,0
2020-11-11,0,3716,0
2020-11-12,0,3718,0
2020-11-13,0,3539,0
2020-11-14,0,1980,0
2020-11-15,0,1981,0
2020-11-16,0,3432,0
2020-11-17,0,3444,0
2020-11-18,2,3618,0.000552791597567717
2020-11-19,0,3557,0
2020-11-20,0,3431,0
2020-11-21,0,1893,0
2020-11-22,0,2012,0
2020-11-23,0,3196,0
2020-11-24,0,3262,0
2020-11-25,0,3303,0
2020-11-26,0,3288,0
2020-11-27,0,3185,0
2020-11-28,0,1824,0
2020-11-29,0,1790,0
2020-11-30,0,3305,0
2020-12-01,0,3621,0
2020-12-02,0,3627,0
2020-12-03,0,3478,0
2020-12-04,0,3237,0
2020-12-05,0,1864,0
2020-12-06,0,1966,0
2020-12-07,0,3352,0
2020-12-08,0,3706,0
2020-12-09,0,3575,0
2020-12-10,0,3669,0
2020-12-11,0,3509,0
2020-12-12,0,2014,0
2020-12-13,0,2104,0
2020-12-14,0,3365,0
2020-12-15,0,3551,0
2020-12-16,0,3763,0
2020-12-17,0,3569,0
2020-12-18,0,3482,0
2020-12-19,0,1853,0
2020-12-20,0,2065,0
2020-12-21,0,3014,0
2020-12-22,0,3165,0
2020-12-23,0,3099,0
2020-12-24,0,2323,0
2020-12-25,0,1448,0
2020-12-26,1,1552,0.0006443298969072165
2020-12-27,0,1821,0
2020-12-28,0,2242,0
2020-12-29,0,2543,0
2020-12-30,0,2458,0
2020-12-31,0,2433,0
2021-01-01,0,2171,0
2021-01-02,0,1687,0
2021-01-03,0,1728,0
2021-01-04,0,2554,0
2021-01-05,0,2754,0
2021-01-06,0,2862,0
2021-01-07,0,3042,0
2021-01-08,0,3017,0
2021-01-09,0,1960,0
2021-01-10,0,1829,0
2021-01-11,0,3206,0
2021-01-12,0,3296,0
2021-01-13,0,3376,0
2021-01-14,0,3469,0
2021-01-15,0,3229,0
2021-01-16,0,1884,0
2021-01-17,0,1965,0
2021-01-18,0,3218,0
2021-01-19,0,3659,0
2021-01-20,0,3573,0
2021-01-21,0,3527,0
2021-01-22,0,3672,0
2021-01-23,0,2061,0
2021-01-24,0,2231,0
2021-01-25,0,3424,0
2021-01-26,0,3040,0
2021-01-27,0,3523,0
2021-01-28,0,3819,0
2021-01-29,0,3781,0
2021-01-30,0,2058,0
2021-01-31,0,1194,0
2021-02-01,0,2493,0
2021-02-02,0,3856,0
2021-02-03,0,4109,0
2021-02-04,0,3826,0
2021-02-05,0,3439,0
2021-02-06,0,1943,0
2021-02-07,0,2050,0
2021-02-08,0,3444,0
2021-02-09,0,3708,0
2021-02-10,0,3666,0
2021-02-11,0,3682,0
2021-02-12,0,3534,0
2021-02-13,0,1848,0
2021-02-14,0,1895,0
2021-02-15,0,3068,0
2021-02-16,0,3407,0
2021-02-17,0,3424,0
2021-02-18,0,3901,0
2021-02-19,0,3743,0
2021-02-20,0,1974,0
2021-02-21,0,2047,0
2021-02-22,0,3456,0
2021-02-23,0,3938,0
2021-02-24,0,4006,0
2021-02-25,0,3727,0
2021-02-26,0,3666,0
2021-02-27,0,2139,0
2021-02-28,0,2151,0
2021-03-01,0,3288,0
2021-03-02,0,3614,0
2021-03-03,0,3632,0
2021-03-04,0,3740,0
2021-03-05,0,3735,0
2021-03-06,0,2162,0
2021-03-07,0,2222,0
2021-03-08,0,3292,0
2021-03-09,0,3473,0
2021-03-10,0,3860,0
2021-03-11,0,3683,0
2021-03-12,0,3566,0
2021-03-13,0,2233,0
2021-03-14,0,2284,0
2021-03-15,0,3603,0
2021-03-16,0,3581,0
2021-03-17,0,3868,0
2021-03-18,0,3789,0
2021-03-19,0,3503,0
2021-03-20,0,2107,0
2021-03-21,0,2162,0
2021-03-22,0,3400,0
2021-03-23,0,3584,0
2021-03-24,0,3801,0
2021-03-25,0,4029,0
2021-03-26,0,3295,0
2021-03-27,0,1953,0
2021-03-28,0,1984,0
2021-03-29,0,3319,0
2021-03-30,0,3344,0
2021-03-31,0,3627,0
2021-04-01,0,3805,0
2021-04-02,0,2328,0
2021-04-03,0,1934,0
2021-04-04,0,2188,0
2021-04-05,0,2943,0
2021-04-06,0,3826,0
2021-04-07,0,3898,0
2021-04-08,0,3339,0
2021-04-09,0,763,0
2021-04-10,0,475,0
2021-04-11,0,608,0
2021-04-12,0,1326,0
2021-04-13,0,2632,0
2021-04-14,0,4303,0
2021-04-15,0,3997,0
2021-04-16,0,3558,0
2021-04-17,0,2301,0
2021-04-18,0,1006,0
2021-04-19,0,2847,0
2021-04-20,0,4376,0
2021-04-21,0,4587,0
2021-04-22,0,4426,0
2021-04-23,0,4404,0
2021-04-24,0,2747,0
2021-04-25,0,2760,0
2021-04-26,0,3832,0
2021-04-27,0,4234,0
2021-04-28,0,4575,0
2021-04-29,0,4368,0
2021-04-30,0,4253,0
2021-05-01,0,2609,0
2021-05-02,0,2527,0
2021-05-03,0,3687,0
2021-05-04,0,4372,0
2021-05-05,0,4385,0
2021-05-06,0,4422,0
2021-05-07,0,3944,0
2021-05-08,0,2613,0
2021-05-09,0,2441,0
2021-05-10,0,3897,0
2021-05-11,0,4755,0
2021-05-12,0,4518,0
2021-05-13,0,4239,0
2021-05-14,0,4128,0
2021-05-15,0,2389,0
2021-05-16,0,2647,0
2021-05-17,0,4289,0
2021-05-18,0,4298,0
2021-05-19,0,4472,0
2021-05-20,0,4408,0
2021-05-21,0,4237,0
2021-05-22,0,2663,0
2021-05-23,0,2670,0
2021-05-24,0,4194,0
2021-05-25,0,4757,0
2021-05-26,0,4685,0
2021-05-27,0,4904,0
2021-05-28,0,3712,0
2021-05-29,0,2101,0
2021-05-30,0,2609,0
2021-05-31,0,3877,0
2021-06-01,0,4238,0
2021-06-02,0,4729,0
2021-06-03,0,4495,0
2021-06-04,0,4499,0
2021-06-05,0,2789,0
2021-06-06,0,2665,0
2021-06-07,0,3864,0
2021-06-08,0,4333,0
2021-06-09,0,4683,0
2021-06-10,0,4342,0
2021-06-11,0,4524,0
2021-06-12,0,2603,0
2021-06-13,0,2751,0
2021-06-14,0,3866,0
2021-06-15,0,4525,0
2021-06-16,0,4649,0
2021-06-17,0,4561,0
2021-06-18,0,4335,0
2021-06-19,0,2693,0
2021-06-20,0,2621,0
2021-06-21,0,4272,0
2021-06-22,0,4276,0
2021-06-23,0,4467,0
2021-06-24,0,4652,0
2021-06-25,0,4277,0
2021-06-26,0,2837,0
2021-06-27,0,2860,0
2021-06-28,0,4214,0
2021-06-29,0,4365,0
2021-06-30,0,4309,0
2021-07-01,0,4366,0
2021-07-02,0,4335,0
2021-07-03,0,2668,0
2021-07-04,0,2666,0
2021-07-05,0,3816,0
2021-07-06,0,4431,0
2021-07-07,0,4463,0
2021-07-08,0,4141,0
2021-07-09,0,3988,0
2021-07-10,0,2754,0
2021-07-11,0,2743,0
2021-07-12,0,3906,0
2021-07-13,0,4563,0
2021-07-14,0,4658,0
2021-07-15,0,4470,0
2021-07-16,0,4218,0
2021-07-17,0,2682,0
2021-07-18,0,2792,0
2021-07-19,0,4050,0
2021-07-20,0,4441,0
2021-07-21,0,4694,0
2021-07-22,0,4766,0
2021-07-23,0,4630,0
2021-07-24,0,3027,0
2021-07-25,0,2884,0
2021-07-26,0,4329,0
2021-07-27,0,4878,0
2021-07-28,0,4950,0
2021-07-29,0,4859,0
2021-07-30,0,4758,0
2021-07-31,0,3067,0
2021-08-01,0,2835,0
2021-08-02,0,4309,0
2021-08-03,0,4722,0
2021-08-04,0,4898,0
2021-08-05,0,4801,0
2021-08-06,0,4554,0
2021-08-07,0,2547,0
2021-08-08,0,2310,0
2021-08-09,0,3800,0
2021-08-10,0,4701,0
2021-08-11,0,4683,0
2021-08-12,0,4667,0
2021-08-13,0,3627,0
2021-08-14,0,2561,0
2021-08-15,0,2227,0
2021-08-16,0,3818,0
2021-08-17,0,4214,0
2021-08-18,0,4258,0
2021-08-19,0,3655,0
2021-08-20,0,3304,0
2021-08-21,0,1907,0
2021-08-22,0,1817,0
2021-08-23,0,3147,0
2021-08-24,0,3385,0
2021-08-25,0,3626,0
2021-08-26,0,3675,0
2021-08-27,0,3709,0
2021-08-28,0,1994,0
2021-08-29,0,2197,0
2021-08-30,0,3429,0
2021-08-31,0,3980,0
2021-09-01,0,4338,0
2021-09-02,0,4636,0
2021-09-03,0,4705,0
2021-09-04,0,2551,0
2021-09-05,0,2537,0
2021-09-06,0,4090,0
2021-09-07,0,4690,0
2021-09-08,0,4696,0
2021-09-09,0,4666,0
2021-09-10,0,4664,0
2021-09-11,0,2698,0
2021-09-12,0,2910,0
2021-09-13,0,4246,0
2021-09-14,0,4688,0
2021-09-15,0,4896,0
2021-09-16,0,4715,0
2021-09-17,0,4561,0
2021-09-18,0,2379,0
2021-09-19,0,2683,0
2021-09-20,0,4122,0
2021-09-21,0,4666,0
2021-09-22,0,4893,0
2021-09-23,0,4555,0
2021-09-24,0,4143,0
2021-09-25,0,2535,0
2021-09-26,0,2415,0
2021-09-27,0,12212,0
2021-09-28,0,4303,0
2021-09-29,0,4587,0
2021-09-30,0,4319,0
2021-10-01,0,4209,0
2021-10-02,0,2483,0
2021-10-03,0,2636,0
2021-10-04,0,3746,0
2021-10-05,0,4194,0
2021-10-06,0,4530,0
2021-10-07,0,4330,0
2021-10-08,0,4073,0
2021-10-09,0,2329,0
2021-10-10,0,2579,0
2021-10-11,0,4040,0
2021-10-12,0,4495,0
2021-10-13,0,4644,0
2021-10-14,0,4443,0
2021-10-15,0,4403,0
2021-10-16,0,2206,0
2021-10-17,0,2511,0
2021-10-18,0,4353,0
2021-10-19,0,4565,0
2021-10-20,7,4557,0.0015360983102918587
2021-10-21,3,4332,0.0006925207756232687
2021-10-22,0,4191,0
2021-10-23,0,2328,0
2021-10-24,0,2576,0
2021-10-25,0,3795,0
2021-10-26,0,4584,0
2021-10-27,0,4530,0
2021-10-28,0,4479,0
2021-10-29,0,4057,0
2021-10-30,0,2495,0
2021-10-31,0,2612,0
2021-11-01,0,4005,0
2021-11-02,0,4534,0
2021-11-03,0,4879,0
2021-11-04,0,4497,0
2021-11-05,0,3937,0
2021-11-06,0,2447,0
2021-11-07,0,2649,0
2021-11-08,0,4267,0
2021-11-09,0,4799,0
2021-11-10,0,5188,0
2021-11-11,0,4679,0
2021-11-12,0,4650,0
2021-11-13,0,2415,0
2021-11-14,0,2285,0
2021-11-15,0,4239,0
2021-11-16,0,4745,0
2021-11-17,0,4879,0
2021-11-18,0,4596,0
2021-11-19,1,2388,0.0004187604690117253
2021-11-20,0,1629,0
2021-11-21,0,2311,0
2021-11-22,0,1397,0
2021-11-23,0,2565,0
2021-11-24,0,4717,0
2021-11-25,0,4475,0
2021-11-26,0,4033,0
2021-11-27,0,2269,0
2021-11-28,0,2510,0
2021-11-29,0,4038,0
2021-11-30,0,260981,0
2021-12-01,0,4961,0
2021-12-02,0,4598,0
2021-12-03,0,4387,0
2021-12-04,0,2427,0
2021-12-05,0,2886,0
2021-12-06,0,4502,0
2021-12-07,0,5142,0
2021-12-08,0,5504,0
2021-12-09,0,5389,0
2021-12-10,0,4716,0
2021-12-11,0,2945,0
2021-12-12,0,3166,0
2021-12-13,0,4743,0
2021-12-14,0,4812,0
2021-12-15,0,5211,0
2021-12-16,0,4636,0
2021-12-17,0,4521,0
2021-12-18,0,2470,0
2021-12-19,0,2720,0
2021-12-20,0,4089,0
2021-12-21,0,4173,0
2021-12-22,0,4561,0
2021-12-23,0,4089,0
2021-12-24,0,3324,0
2021-12-25,0,1476,0
2021-12-26,0,1755,0
2021-12-27,0,3308,0
2021-12-28,0,3338,0
2021-12-29,0,3440,0
2021-12-30,0,3212,0
2021-12-31,0,3200,0
2022-01-01,0,2479,0
2022-01-02,0,2600,0
2022-01-03,0,3315,0
2022-01-04,0,3805,0
2022-01-05,0,4048,0
2022-01-06,0,4004,0
2022-01-07,0,3677,0
2022-01-08,0,2553,0
2022-01-09,0,2704,0
2022-01-10,0,4160,0
2022-01-11,0,4379,0
2022-01-12,0,4332,0
2022-01-13,0,4062,0
2022-01-14,0,3902,0
2022-01-15,0,2898,0
2022-01-16,0,2868,0
2022-01-17,0,4355,0
2022-01-18,0,4321,0
2022-01-19,0,4693,0
2022-01-20,0,3783,0
2022-01-21,0,3492,0
2022-01-22,0,2188,0
2022-01-23,0,2173,0
2022-01-24,0,3871,0
2022-01-25,0,3875,0
2022-01-26,0,3714,0
2022-01-27,0,4006,0
2022-01-28,0,4012,0
2022-01-29,0,2814,0
2022-01-30,0,2843,0
2022-01-31,0,4073,0
2022-02-01,0,4115,0
2022-02-02,0,4107,0
2022-02-03,0,3744,0
2022-02-04,0,3658,0
2022-02-05,0,2132,0
2022-02-06,0,2344,0
2022-02-07,0,3343,0
2022-02-08,0,3962,0
2022-02-09,0,4159,0
2022-02-10,0,3672,0
2022-02-11,0,3757,0
2022-02-12,0,1345,0
2022-02-13,0,624,0
2022-02-14,0,1829,0
2022-02-15,0,3123,0
2022-02-16,0,3603,0
2022-02-17,0,3090,0
2022-02-18,0,3053,0
2022-02-19,0,1687,0
2022-02-20,0,1996,0
2022-02-21,0,3022,0
2022-02-22,0,3169,0
2022-02-23,0,3317,0
2022-02-24,0,3145,0
2022-02-25,0,3182,0
2022-02-26,0,1917,0
2022-02-27,0,2039,0
2022-02-28,0,3001,0
2022-03-01,0,3183,0
2022-03-02,0,3527,0
2022-03-03,0,3507,0
2022-03-04,0,3160,0
2022-03-05,0,1959,0
2022-03-06,0,1851,0
2022-03-07,0,2884,0
2022-03-08,0,3318,0
2022-03-09,0,3280,0
2022-03-10,0,3003,0
2022-03-11,0,2961,0
2022-03-12,0,1680,0
2022-03-13,0,1834,0
2022-03-14,0,2712,0
2022-03-15,0,2996,0
2022-03-16,0,3247,0
2022-03-17,0,3245,0
2022-03-18,0,2995,0
2022-03-19,0,1887,0
2022-03-20,0,2030,0
2022-03-21,0,2870,0
2022-03-22,0,3137,0
2022-03-23,0,3253,0
2022-03-24,0,3434,0
2022-03-25,0,3361,0
2022-03-26,0,1933,0
2022-03-27,0,2218,0
2022-03-28,0,3296,0
2022-03-29,0,3695,0
2022-03-30,0,3745,0
2022-03-31,0,3820,0
2022-04-01,0,3849,0
2022-04-02,0,1909,0
2022-04-03,0,2247,0
2022-04-04,0,3315,0
2022-04-05,0,3657,0
2022-04-06,0,3999,0
2022-04-07,0,3730,0
2022-04-08,0,3589,0
2022-04-09,0,1957,0
2022-04-10,0,2198,0
2022-04-11,0,3137,0
2022-04-12,0,3205,0
2022-04-13,0,2319,0
2022-04-14,0,2125,0
2022-04-15,0,1460,0
2022-04-16,0,1242,0
2022-04-17,0,1248,0
2022-04-18,0,1654,0
2022-04-19,0,2263,0
2022-04-20,0,3005,0
2022-04-21,0,3018,0
2022-04-22,0,3076,0
2022-04-23,0,2059,0
2022-04-24,0,2149,0
2022-04-25,0,2675,0
2022-04-26,0,3343,0
2022-04-27,0,2774,0
2022-04-28,0,3175,0
2022-04-29,0,313,0
2022-04-30,0,134,0
2022-05-01,0,195,0
2022-05-02,0,366,0
2022-05-03,0,799,0
2022-05-04,0,994,0
2022-05-05,0,966,0
2022-05-06,0,1642,0
2022-05-07,0,1947,0
2022-05-08,0,2373,0
2022-05-09,0,3768,0
2022-05-10,0,3968,0
2022-05-11,0,4108,0
2022-05-12,0,3806,0
2022-05-13,0,3621,0
2022-05-14,0,2197,0
2022-05-15,0,2371,0
2022-05-16,0,3488,0
2022-05-17,0,3830,0
2022-05-18,0,3998,0
2022-05-19,0,4163,0
2022-05-20,0,3999,0
2022-05-21,0,3300,0
2022-05-22,0,2587,0
2022-05-23,0,3655,0
2022-05-24,0,3765,0
2022-05-25,0,3961,0
2022-05-26,0,3849,0
2022-05-27,0,3549,0
2022-05-28,0,2100,0
2022-05-29,0,2308,0
2022-05-30,0,3409,0
2022-05-31,0,3813,0
2022-06-01,0,4036,0
2022-06-02,0,3707,0
2022-06-03,0,3409,0
2022-06-04,0,2103,0
2022-06-05,0,2149,0
2022-06-06,0,3283,0
2022-06-07,0,3700,0
2022-06-08,0,4022,0
2022-06-09,0,3660,0
2022-06-10,0,3231,0
2022-06-11,0,1963,0
2022-06-12,0,2197,0
2022-06-13,0,3120,0
2022-06-14,0,3682,0
2022-06-15,0,3906,0
2022-06-16,0,3770,0
2022-06-17,0,3455,0
2022-06-18,0,1959,0
2022-06-19,0,2258,0
2022-06-20,0,3305,0
2022-06-21,0,3773,0
2022-06-22,0,3773,0
2022-06-23,0,3856,0
2022-06-24,0,3787,0
2022-06-25,0,2036,0
2022-06-26,0,2072,0
2022-06-27,0,3412,0
2022-06-28,0,3639,0
2022-06-29,0,3964,0
2022-06-30,0,3675,0
2022-07-01,0,3395,0
2022-07-02,0,1939,0
2022-07-03,0,2269,0
2022-07-04,0,3295,0
2022-07-05,0,4064,0
2022-07-06,0,4126,0
2022-07-07,0,4086,0
2022-07-08,0,3711,0
2022-07-09,0,2167,0
2022-07-10,0,2487,0
2022-07-11,0,3645,0
2022-07-12,0,4104,0
2022-07-13,0,4234,0
2022-07-14,0,4012,0
2022-07-15,0,3760,0
2022-07-16,0,2167,0
2022-07-17,0,2490,0
2022-07-18,0,3662,0
2022-07-19,0,4074,0
2022-07-20,0,4209,0
2022-07-21,0,3789,0
2022-07-22,0,3648,0
2022-07-23,0,2059,0
2022-07-24,0,2394,0
2022-07-25,0,3666,0
2022-07-26,0,4134,0
2022-07-27,0,4458,0
2022-07-28,0,3938,0
2022-07-29,0,3759,0
2022-07-30,0,2323,0
2022-07-31,0,2489,0
2022-08-01,0,4130,0
2022-08-02,0,4105,0
2022-08-03,0,4070,0
2022-08-04,0,3828,0
2022-08-05,0,3701,0
2022-08-06,0,2181,0
2022-08-07,0,2287,0
2022-08-08,0,3430,0
2022-08-09,0,3698,0
2022-08-10,0,3887,0
2022-08-11,0,3585,0
2022-08-12,0,3304,0
2022-08-13,0,2048,0
2022-08-14,0,2167,0
2022-08-15,0,3382,0
2022-08-16,1,3852,0.00025960539979231567
2022-08-17,0,4065,0
2022-08-18,0,3791,0
2022-08-19,0,3362,0
2022-08-20,0,2010,0
2022-08-21,0,2284,0
2022-08-22,0,3418,0
2022-08-23,0,3692,0
2022-08-24,0,4013,0
2022-08-25,0,3606,0
2022-08-26,0,3469,0
2022-08-27,0,2094,0
2022-08-28,0,2262,0
2022-08-29,0,3462,0
2022-08-30,0,3680,0
2022-08-31,0,3953,0
2022-09-01,0,3696,0
2022-09-02,0,3582,0
2022-09-03,0,2254,0
2022-09-04,0,2206,0
2022-09-05,0,3374,0
2022-09-06,0,3935,0
2022-09-07,0,3895,0
2022-09-08,0,3843,0
2022-09-09,0,3670,0
2022-09-10,0,2255,0
2022-09-11,0,2259,0
2022-09-12,0,3404,0
2022-09-13,0,3866,0
2022-09-14,0,3918,0
2022-09-15,0,3725,0
2022-09-16,0,3526,0
2022-09-17,0,2117,0
2022-09-18,0,2423,0
2022-09-19,0,3326,0
2022-09-20,0,3691,0
2022-09-21,0,3913,0
2022-09-22,0,3298,0
2022-09-23,0,3263,0
2022-09-24,0,2183,0
2022-09-25,0,2352,0
2022-09-26,2,3348,0.0005973715651135006
2022-09-27,0,3603,0
2022-09-28,0,3813,0
2022-09-29,0,3796,0
2022-09-30,0,3477,0
2022-10-01,0,1994,0
2022-10-02,0,2193,0
2022-10-03,0,3145,0
2022-10-04,0,3701,0
2022-10-05,0,3977,0
2022-10-06,0,3551,0
2022-10-07,0,3362,0
2022-10-08,0,2038,0
2022-10-09,0,2238,0
2022-10-10,0,3288,0
2022-10-11,0,3736,0
2022-10-12,0,3828,0
2022-10-13,0,3564,0
2022-10-14,0,3448,0
2022-10-15,0,1928,0
2022-10-16,0,2284,0
2022-10-17,0,3453,0
2022-10-18,0,3591,0
2022-10-19,0,3942,0
2022-10-20,0,3735,0
2022-10-21,0,3448,0
2022-10-22,0,2003,0
2022-10-23,0,2294,0
2022-10-24,0,3440,0
2022-10-25,0,3864,0
2022-10-26,0,4048,0
2022-10-27,0,3675,0
2022-10-28,0,3648,0
2022-10-29,0,1989,0
2022-10-30,0,2356,0
2022-10-31,0,3546,0
2022-11-01,0,3638,0
2022-11-02,0,3918,0
2022-11-03,0,3657,0
2022-11-04,0,3470,0
2022-11-05,0,1971,0
2022-11-06,2,2319,0.0008624407072013799
2022-11-07,0,3344,0
2022-11-08,0,3761,0
2022-11-09,0,3854,0
2022-11-10,0,3778,0
2022-11-11,0,3270,0
2022-11-12,0,1951,0
2022-11-13,0,2386,0
2022-11-14,0,3547,0
2022-11-15,0,3769,0
2022-11-16,0,4110,0
2022-11-17,0,3585,0
2022-11-18,0,3197,0
2022-11-19,0,1908,0
2022-11-20,0,2329,0
2022-11-21,0,3681,0
2022-11-22,0,3893,0
2022-11-23,0,4020,0
2022-11-24,0,3589,0
2022-11-25,0,3194,0
2022-11-26,0,2063,0
2022-11-27,0,2328,0
2022-11-28,0,3889,0
2022-11-29,0,4291,0
2022-11-30,0,4815,0
2022-12-01,0,4227,0
2022-12-02,0,3812,0
2022-12-03,0,2293,0
2022-12-04,0,2489,0
2022-12-05,0,4024,0
2022-12-06,0,4282,0
2022-12-07,0,4456,0
2022-12-08,0,4227,0
2022-12-09,0,3749,0
2022-12-10,0,2165,0
2022-12-11,0,2390,0
2022-12-12,0,3796,0
2022-12-13,0,4190,0
2022-12-14,0,4334,0
2022-12-15,0,4074,0
2022-12-16,0,3688,0
2022-12-17,0,2037,0
2022-12-18,0,2475,0
2022-12-19,0,3515,0
2022-12-20,0,4024,0
2022-12-21,0,3897,0
2022-12-22,0,3560,0
2022-12-23,0,3237,0
2022-12-24,0,1622,0
2022-12-25,0,1480,0
2022-12-26,0,2175,0
2022-12-27,0,2600,0
2022-12-28,0,2649,0
2022-12-29,0,3071,0
2022-12-30,1,2860,0.00034965034965034965
2022-12-31,0,1798,0
2023-01-01,0,2008,0
2023-01-02,0,2721,0
2023-01-03,0,3281,0
2023-01-04,0,3534,0
2023-01-05,0,3550,0
2023-01-06,0,3302,0
2023-01-07,0,1985,0
2023-01-08,0,2250,0
2023-01-09,0,3637,0
2023-01-10,0,4056,0
2023-01-11,0,4296,0
2023-01-12,0,3681,0
2023-01-13,0,3607,0
2023-01-14,0,2080,0
2023-01-15,0,2213,0
2023-01-16,0,3812,0
2023-01-17,0,4268,0
2023-01-18,0,4533,0
2023-01-19,0,4596,0
2023-01-20,0,3783,0
2023-01-21,0,2314,0
2023-01-22,0,2569,0
2023-01-23,0,3853,0
2023-01-24,0,4255,0
2023-01-25,0,4273,0
2023-01-26,0,3942,0
2023-01-27,0,3651,0
2023-01-28,0,2221,0
2023-01-29,0,2597,0
2023-01-30,0,3842,0
2023-01-31,0,4195,0
2023-02-01,0,4396,0
2023-02-02,0,4294,0
2023-02-03,0,3927,0
2023-02-04,0,2097,0
2023-02-05,0,2502,0
2023-02-06,0,4105,0
2023-02-07,0,4500,0
2023-02-08,0,4556,0
2023-02-09,0,4517,0
2023-02-10,0,3982,0
2023-02-11,0,2366,0
2023-02-12,0,2694,0
2023-02-13,0,4173,0
2023-02-14,0,4538,0
2023-02-15,0,4585,0
2023-02-16,0,4477,0
2023-02-17,0,3886,0
2023-02-18,0,2293,0
2023-02-19,0,2497,0
2023-02-20,0,3914,0
2023-02-21,0,4664,0
2023-02-22,0,4661,0
2023-02-23,0,4532,0
2023-02-24,0,3956,0
2023-02-25,0,2358,0
2023-02-26,0,2618,0
2023-02-27,0,4075,0
2023-02-28,0,4576,0
2023-03-01,0,4789,0
2023-03-02,0,4628,0
2023-03-03,0,4139,0
2023-03-04,0,2409,0
2023-03-05,0,2753,0
2023-03-06,0,4116,0
2023-03-07,0,4288,0
2023-03-08,0,4515,0
2023-03-09,0,4515,0
2023-03-10,0,4146,0
2023-03-11,0,2508,0
2023-03-12,0,2724,0
2023-03-13,0,3930,0
2023-03-14,0,4393,0
2023-03-15,0,4741,0
2023-03-16,0,4769,0
2023-03-17,0,4250,0
2023-03-18,0,2444,0
2023-03-19,0,2639,0
2023-03-20,0,4122,0
2023-03-21,0,4428,0
2023-03-22,0,4756,0
2023-03-23,0,4515,0
2023-03-24,0,3882,0
2023-03-25,0,2684,0
2023-03-26,0,2690,0
2023-03-27,0,4111,0
2023-03-28,0,4372,0
2023-03-29,0,4477,0
2023-03-30,0,3488,0
2023-03-31,0,3444,0
2023-04-01,0,2400,0
2023-04-02,0,2685,0
2023-04-03,0,3986,0
2023-04-04,0,4635,0
2023-04-05,0,4537,0
2023-04-06,0,4133,0
2023-04-07,0,3028,0
2023-04-08,0,2311,0
2023-04-09,0,2184,0
2023-04-10,0,3183,0
2023-04-11,0,4098,0
2023-04-12,0,4437,0
2023-04-13,0,4468,0
2023-04-14,0,4041,0
2023-04-15,0,2167,0
2023-04-16,0,2378,0
2023-04-17,0,3984,0
2023-04-18,0,4052,0
2023-04-19,0,4171,0
2023-04-20,0,4443,0
2023-04-21,0,3913,0
2023-04-22,0,2266,0
2023-04-23,0,2548,0
2023-04-24,0,4020,0
2023-04-25,0,4032,0
2023-04-26,0,4826,0
2023-04-27,0,4529,0
2023-04-28,0,4121,0
2023-04-29,0,2230,0
2023-04-30,0,2586,0
2023-05-01,0,3882,0
2023-05-02,0,4389,0
2023-05-03,0,4671,0
2023-05-04,0,4260,0
2023-05-05,0,4292,0
2023-05-06,0,2701,0
2023-05-07,0,2754,0
2023-05-08,0,4017,0
2023-05-09,0,4678,0
2023-05-10,0,4442,0
2023-05-11,0,4378,0
2023-05-12,0,4174,0
2023-05-13,0,2015,0
2023-05-14,0,2002,0
2023-05-15,0,3826,0
2023-05-16,0,4451,0
2023-05-17,0,4720,0
2023-05-18,0,4558,0
2023-05-19,0,4267,0
2023-05-20,0,2398,0
2023-05-21,0,2455,0
2023-05-22,0,3983,0
2023-05-23,0,4512,0
2023-05-24,0,4475,0
2023-05-25,0,4484,0
2023-05-26,0,4073,0
2023-05-27,0,2332,0
2023-05-28,0,2439,0
2023-05-29,0,3701,0
2023-05-30,0,4422,0
2023-05-31,0,4617,0
2023-06-01,0,4347,0
2023-06-02,0,4082,0
2023-06-03,0,2369,0
2023-06-04,0,2523,0
2023-06-05,0,4157,0
2023-06-06,0,4522,0
2023-06-07,0,4785,0
2023-06-08,0,4336,0
2023-06-09,0,3909,0
2023-06-10,0,2327,0
2023-06-11,0,2397,0
2023-06-12,0,3468,0
2023-06-13,0,4233,0
2023-06-14,1,4421,0.00022619316896629722
2023-06-15,0,4378,0
2023-06-16,0,3663,0
2023-06-17,0,2261,0
2023-06-18,0,2574,0
2023-06-19,0,3983,0
2023-06-20,0,4511,0
2023-06-21,0,4654,0
2023-06-22,0,4518,0
2023-06-23,0,3876,0
2023-06-24,0,2102,0
2023-06-25,0,2450,0
2023-06-26,0,3936,0
2023-06-27,0,4207,0
2023-06-28,0,4481,0
2023-06-29,0,4284,0
2023-06-30,0,4084,0
2023-07-01,0,2200,0
2023-07-02,0,2518,0
2023-07-03,0,3665,0
2023-07-04,0,3991,0
2023-07-05,0,4460,0
2023-07-06,0,4398,0
2023-07-07,0,3916,0
2023-07-08,0,2319,0
2023-07-09,0,2653,0
2023-07-10,0,3798,0
2023-07-11,0,4317,0
2023-07-12,0,4489,0
2023-07-13,0,4289,0
2023-07-14,0,3736,0
2023-07-15,0,2251,0
2023-07-16,0,2523,0
2023-07-17,0,3917,0
2023-07-18,0,4534,0
2023-07-19,0,4572,0
2023-07-20,0,4243,0
2023-07-21,0,3974,0
2023-07-22,0,2539,0
2023-07-23,0,2620,0
2023-07-24,0,3988,0
2023-07-25,0,3897,0
2023-07-26,0,4754,0
2023-07-27,0,4551,0
2023-07-28,1,3871,0.0002583311805734952
2023-07-29,0,2240,0
2023-07-30,0,2652,0
2023-07-31,0,3956,0
2023-08-01,0,4372,0
2023-08-02,0,4375,0
2023-08-03,0,4319,0
2023-08-04,0,3960,0
2023-08-05,1,2321,0.00043084877208099956
2023-08-06,1,2477,0.0004037141703673799
2023-08-07,0,3804,0
2023-08-08,1,4317,0.0002316423442205235
2023-08-09,0,4279,0
2023-08-10,0,4185,0
2023-08-11,0,4216,0
2023-08-12,0,2276,0
2023-08-13,0,2626,0
2023-08-14,0,3891,0
2023-08-15,0,4214,0
2023-08-16,1,4344,0.00023020257826887662
2023-08-17,1,4135,0.0002418379685610641
2023-08-18,0,4134,0
2023-08-19,0,2376,0
2023-08-20,0,2461,0
2023-08-21,1,3668,0.0002726281352235551
2023-08-22,0,3209,0
2023-08-23,0,3173,0
2023-08-24,0,4728,0
2023-08-25,4,3984,0.001004016064257028
2023-08-26,0,2246,0
2023-08-27,3,2677,0.0011206574523720584
2023-08-28,0,3735,0
2023-08-29,0,4349,0
2023-08-30,0,4688,0
2023-08-31,0,4403,0
2023-09-01,0,4029,0
2023-09-02,0,2268,0
2023-09-03,0,2420,0
2023-09-04,0,3975,0
2023-09-05,0,4438,0
2023-09-06,0,4543,0
2023-09-07,0,4613,0
2023-09-08,0,4432,0
2023-09-09,0,2571,0
2023-09-10,0,2684,0
2023-09-11,0,3962,0
2023-09-12,0,4601,0
2023-09-13,0,4719,0
2023-09-14,2,4448,0.0004496402877697842
2023-09-15,0,3851,0
2023-09-16,0,2334,0
2023-09-17,0,2631,0
2023-09-18,0,3998,0
2023-09-19,0,4654,0
2023-09-20,0,4785,0
2023-09-21,0,4381,0
2023-09-22,0,4073,0
2023-09-23,0,2296,0
2023-09-24,0,2096,0
2023-09-25,0,3960,0
2023-09-26,0,4148,0
2023-09-27,0,4418,0
2023-09-28,0,4216,0
2023-09-29,0,3414,0
2023-09-30,0,2267,0
2023-10-01,0,2557,0
2023-10-02,0,3392,0
2023-10-03,0,3238,0
2023-10-04,0,3168,0
2023-10-05,0,3349,0
2023-10-06,0,2396,0
2023-10-07,0,1638,0
2023-10-08,0,2568,0
2023-10-09,0,3329,0
2023-10-10,0,4091,0
2023-10-11,0,4413,0
2023-10-12,0,4235,0
2023-10-13,0,3620,0
2023-10-14,0,2763,0
2023-10-15,0,1899,0
2023-10-16,0,2933,0
2023-10-17,0,2708,0
2023-10-18,0,3715,0
2023-10-19,0,2418,0
2023-10-20,0,3492,0
2023-10-21,0,2180,0
2023-10-22,0,2375,0
2023-10-23,0,3038,0
2023-10-24,0,3430,0
2023-10-25,0,2929,0
2023-10-26,0,2983,0
2023-10-27,0,3766,0
2023-10-28,0,1568,0
2023-10-29,0,2081,0
2023-10-30,0,2436,0
2023-10-31,0,3936,0
2023-11-01,0,3401,0
2023-11-02,0,2538,0
2023-11-03,0,2443,0
2023-11-04,0,1320,0
2023-11-05,0,1725,0
2023-11-06,0,2419,0
2023-11-07,0,2694,0
2023-11-08,0,3296,0
2023-11-09,0,3693,0
2023-11-10,0,3198,0
2023-11-11,0,2099,0
2023-11-12,0,2210,0
2023-11-13,0,3709,0
2023-11-14,0,3657,0
2023-11-15,0,3571,0
2023-11-16,0,3644,0
2023-11-17,0,3393,0
2023-11-18,0,1998,0
2023-11-19,0,2194,0
2023-11-20,0,2771,0
2023-11-21,0,3540,0
2023-11-22,0,4593,0
2023-11-23,0,3885,0
2023-11-24,0,2791,0
2023-11-25,0,1812,0
2023-11-26,0,2403,0
2023-11-27,0,3361,0
2023-11-28,0,3844,0
2023-11-29,0,4380,0
2023-11-30,0,4167,0
2023-12-01,0,3582,0
2023-12-02,0,2219,0
2023-12-03,0,2338,0
2023-12-04,0,3408,0
2023-12-05,0,2476,0
2023-12-06,0,2313,0
2023-12-07,0,2146,0
2023-12-08,0,2146,0
2023-12-09,0,1116,0
2023-12-10,0,1303,0
2023-12-11,0,2057,0
2023-12-12,0,2231,0
2023-12-13,0,2275,0
2023-12-14,0,2293,0
2023-12-15,0,2117,0
2023-12-16,0,1133,0
2023-12-17,0,1301,0
2023-12-18,0,1950,0
2023-12-19,0,2190,0
2023-12-20,0,2217,0
2023-12-21,0,2115,0
2023-12-22,0,1845,0
2023-12-23,0,939,0
2023-12-24,0,849,0
2023-12-25,0,808,0
2023-12-26,0,1141,0
2023-12-27,0,1488,0
2023-12-28,0,1329,0
2023-12-29,0,1290,0
2023-12-30,0,1043,0
2023-12-31,0,1074,0
2024-01-01,0,1306,0
2024-01-02,0,1553,0
2024-01-03,0,1529,0
2024-01-04,0,388,0
2024-01-05,0,1607,0
2024-01-06,0,1614,0
2024-01-07,0,1347,0
2024-01-08,0,1817,0
2024-01-09,0,1933,0
2024-01-10,0,1857,0
2024-01-11,0,1863,0
2024-01-12,0,1836,0
2024-01-13,0,1186,0
2024-01-14,0,1525,0
2024-01-15,0,2152,0
2024-01-16,0,2261,0
2024-01-17,0,2263,0
2024-01-18,0,2195,0
2024-01-19,0,2179,0
2024-01-20,0,1070,0
2024-01-21,0,1391,0
2024-01-22,0,2038,0
2024-01-23,0,2246,0
2024-01-24,0,2181,0
2024-01-25,0,2209,0
2024-01-26,0,1985,0
2024-01-27,0,1184,0
2024-01-28,0,1463,0
2024-01-29,0,1766,0
2024-01-30,0,2067,0
2024-01-31,0,2217,0
2024-02-01,0,2027,0
2024-02-02,0,2075,0
2024-02-03,0,1252,0
2024-02-04,0,1270,0
2024-02-05,0,2063,0
2024-02-06,0,2258,0
2024-02-07,0,2307,0
2024-02-08,0,2235,0
2024-02-09,0,2042,0
2024-02-10,0,1206,0
2024-02-11,0,1379,0
2024-02-12,0,1910,0
2024-02-13,0,2136,0
2024-02-14,0,2458,0
2024-02-15,0,2258,0
2024-02-16,0,2166,0
2024-02-17,0,1279,0
2024-02-18,0,1326,0
2024-02-19,0,2196,0
2024-02-20,0,2136,0
2024-02-21,0,2682,0
2024-02-22,0,2143,0
2024-02-23,0,2178,0
2024-02-24,0,1348,0
2024-02-25,0,1333,0
2024-02-26,0,2041,0
2024-02-27,0,2264,0
2024-02-28,0,2333,0
2024-02-29,0,2186,0
2024-03-01,0,2288,0
2024-03-02,0,1243,0
2024-03-03,0,1431,0
2024-03-04,0,1968,0
2024-03-05,0,2178,0
2024-03-06,0,2313,0
2024-03-07,0,2381,0
2024-03-08,0,2274,0
2024-03-09,0,1443,0
2024-03-10,0,1494,0
2024-03-11,0,2095,0
2024-03-12,0,2311,0
2024-03-13,0,2449,0
2024-03-14,0,2484,0
2024-03-15,0,1912,0
2024-03-16,0,1306,0
2024-03-17,0,1399,0
2024-03-18,0,1920,0
2024-03-19,0,2220,0
2024-03-20,0,2427,0
2024-03-21,0,2434,0
2024-03-22,0,2393,0
2024-03-23,0,1441,0
2024-03-24,0,1478,0
2024-03-25,0,2147,0
2024-03-26,0,2471,0
2024-03-27,0,2441,0
2024-03-28,0,2329,0
2024-03-29,0,1645,0
2024-03-30,0,1220,0
2024-03-31,0,1244,0
2024-04-01,0,1793,0
2024-04-02,0,2598,0
2024-04-03,0,2255,0
2024-04-04,0,2172,0
2024-04-05,0,2330,0
2024-04-06,0,1360,0
2024-04-07,0,1366,0
2024-04-08,0,2007,0
2024-04-09,0,2231,0
2024-04-10,0,2496,0
2024-04-11,0,2308,0
2024-04-12,0,2292,0
2024-04-13,0,1492,0
2024-04-14,0,1464,0
2024-04-15,0,2120,0
2024-04-16,0,2195,0
2024-04-17,0,2392,0
2024-04-18,0,2295,0
2024-04-19,0,2223,0
2024-04-20,0,1384,0
2024-04-21,0,1430,0
2024-04-22,0,2278,0
2024-04-23,0,2607,0
2024-04-24,0,2701,0
2024-04-25,0,2263,0
2024-04-26,0,2484,0
2024-04-27,0,1609,0
2024-04-28,0,1584,0
2024-04-29,0,2304,0
2024-04-30,0,2452,0
2024-05-01,0,2583,0
2024-05-02,0,2502,0
2024-05-03,0,2480,0
2024-05-04,0,1382,0
2024-05-05,0,1563,0
2024-05-06,0,2334,0
2024-05-07,1,2527,0.0003957261574990107
2024-05-08,0,2608,0
2024-05-09,0,2730,0
2024-05-10,0,2518,0
2024-05-11,0,1514,0
2024-05-12,0,1473,0
2024-05-13,0,2138,0
2024-05-14,0,2770,0
2024-05-15,0,2654,0
2024-05-16,0,2373,0
2024-05-17,0,2406,0
2024-05-18,0,1462,0
2024-05-19,0,1575,0
2024-05-20,0,2281,0
2024-05-21,0,2531,0
2024-05-22,0,2600,0
2024-05-23,0,2524,0
2024-05-24,0,2354,0
2024-05-25,0,1529,0
2024-05-26,0,1529,0
2024-05-27,0,2196,0
2024-05-28,0,2576,0
2024-05-29,0,2694,0
2024-05-30,0,2472,0
2024-05-31,0,2516,0
2024-06-01,0,1418,0
2024-06-02,0,1475,0
2024-06-03,0,2300,0
2024-06-04,0,2459,0
2024-06-05,0,2616,0
2024-06-06,0,2671,0
2024-06-07,0,2332,0
2024-06-08,0,1410,0
2024-06-09,0,1581,0
2024-06-10,0,1968,0
2024-06-11,0,2379,0
2024-06-12,0,2514,0
2024-06-13,0,2481,0
2024-06-14,0,2348,0
2024-06-15,0,1443,0
2024-06-16,0,1543,0
2024-06-17,0,2289,0
2024-06-18,0,2674,0
2024-06-19,0,2643,0
2024-06-20,0,2482,0
2024-06-21,0,2308,0
2024-06-22,0,1555,0
2024-06-23,0,1441,0
2024-06-24,0,2330,0
2024-06-25,0,2564,0
2024-06-26,0,2771,0
2024-06-27,0,2545,0
2024-06-28,0,2489,0
2024-06-29,0,1429,0
2024-06-30,0,1637,0
2024-07-01,0,2129,0
2024-07-02,0,2480,0
2024-07-03,0,2474,0
2024-07-04,0,2503,0
2024-07-05,0,2195,0
2024-07-06,0,1453,0
2024-07-07,0,1469,0
2024-07-08,0,2121,0
2024-07-09,0,2415,0
2024-07-10,0,2564,0
2024-07-11,0,2416,0
2024-07-12,0,2349,0
2024-07-13,0,1445,0
2024-07-14,0,1553,0
2024-07-15,0,2275,0
2024-07-16,0,2420,0
2024-07-17,0,2726,0
2024-07-18,0,2346,0
2024-07-19,0,2065,0
2024-07-20,0,1407,0
2024-07-21,0,1493,0
2024-07-22,0,2276,0
2024-07-23,0,2496,0
2024-07-24,0,2724,0
2024-07-25,0,2480,0
2024-07-26,0,3212,0
2024-07-27,0,1739,0
2024-07-28,0,1663,0
2024-07-29,0,2168,0
2024-07-30,0,2032,0
2024-07-31,0,3284,0
2024-08-01,0,2912,0
2024-08-02,0,2629,0
2024-08-03,0,1746,0
2024-08-04,0,1898,0
2024-08-05,0,2548,0
2024-08-06,0,2780,0
2024-08-07,0,2887,0
2024-08-08,0,2778,0
2024-08-09,0,2599,0
2024-08-10,0,1807,0
2024-08-11,0,1709,0
2024-08-12,0,2287,0
2024-08-13,0,2549,0
2024-08-14,0,2690,0
2024-08-15,0,2662,0
2024-08-16,0,2382,0
2024-08-17,0,1573,0
2024-08-18,0,1563,0
2024-08-19,0,2213,0
2024-08-20,0,2462,0
2024-08-21,0,2633,0
2024-08-22,0,2632,0
2024-08-23,0,2504,0
2024-08-24,0,1547,0
2024-08-25,0,1423,0
2024-08-26,0,2387,0
2024-08-27,0,2611,0
2024-08-28,0,2640,0
2024-08-29,0,2647,0
2024-08-30,0,2397,0
2024-08-31,0,1605,0
2024-09-01,0,1611,0
2024-09-02,0,2237,0
2024-09-03,0,2616,0
2024-09-04,0,2744,0
2024-09-05,0,3134,0
2024-09-06,0,2969,0
2024-09-07,0,1795,0
2024-09-08,0,1874,0
2024-09-09,0,2745,0
2024-09-10,0,2751,0
2024-09-11,0,2880,0
2024-09-12,0,2893,0
2024-09-13,0,2670,0
2024-09-14,0,1808,0
2024-09-15,0,1947,0
2024-09-16,0,2526,0
2024-09-17,0,2890,0
2024-09-18,0,2896,0
2024-09-19,0,2716,0
2024-09-20,0,2633,0
2024-09-21,0,1730,0
2024-09-22,0,1923,0
2024-09-23,0,2554,0
2024-09-24,0,2695,0
2024-09-25,0,2833,0
2024-09-26,0,2640,0
2024-09-27,0,2521,0
2024-09-28,0,1575,0
2024-09-29,0,1805,0
2024-09-30,0,2516,0
2024-10-01,0,2891,0
2024-10-02,0,2753,0
2024-10-03,0,2572,0
2024-10-04,0,2429,0
2024-10-05,0,1485,0
2024-10-06,0,1834,0
2024-10-07,0,2434,0
2024-10-08,0,2677,0
2024-10-09,0,2755,0
2024-10-10,0,2736,0
2024-10-11,0,2530,0
2024-10-12,0,1467,0
2024-10-13,0,1724,0
2024-10-14,0,2494,0
2024-10-15,0,2882,0
2024-10-16,0,2827,0
2024-10-17,0,2702,0
2024-10-18,0,2583,0
2024-10-19,0,1650,0
2024-10-20,0,1684,0
2024-10-21,0,2483,0
2024-10-22,0,2692,0
2024-10-23,0,2826,0
2024-10-24,0,2989,0
2024-10-25,0,2539,0
2024-10-26,0,1667,0
2024-10-27,0,1728,0
2024-10-28,0,2597,0
2024-10-29,0,2667,0
2024-10-30,0,2902,0
2024-10-31,0,2708,0
2024-11-01,0,2536,0
2024-11-02,0,1670,0
2024-11-03,0,1754,0
2024-11-04,0,2599,0
2024-11-05,0,2761,0
2024-11-06,0,2819,0
2024-11-07,0,2895,0
2024-11-08,0,2504,0
2024-11-09,0,1633,0
2024-11-10,0,1863,0
2024-11-11,0,2895,0
2024-11-12,0,2778,0
2024-11-13,0,2973,0
2024-11-14,0,2770,0
2024-11-15,0,2597,0
2024-11-16,0,1577,0
2024-11-17,0,1676,0
2024-11-18,0,3024,0
2024-11-19,0,2856,0
2024-11-20,0,2862,0
2024-11-21,0,2836,0
2024-11-22,0,2634,0
2024-11-23,0,1558,0
2024-11-24,0,1810,0
2024-11-25,0,2730,0
2024-11-26,0,2778,0
2024-11-27,0,2819,0
2024-11-28,0,2829,0
2024-11-29,0,2450,0
2024-11-30,0,1548,0
2024-12-01,0,1754,0
2024-12-02,0,2523,0
2024-12-03,0,2654,0
2024-12-04,0,2726,0
2024-12-05,0,2743,0
2024-12-06,0,2525,0
2024-12-07,0,1504,0
2024-12-08,0,1753,0
2024-12-09,0,2676,0
2024-12-10,0,2660,0
2024-12-11,0,2711,0
2024-12-12,0,2609,0
2024-12-13,0,2507,0
2024-12-14,0,1555,0
2024-12-15,0,1678,0
2024-12-16,0,2484,0
2024-12-17,0,2628,0
2024-12-18,0,2776,0
2024-12-19,0,2526,0
2024-12-20,0,2253,0
2024-12-21,0,1170,0
2024-12-22,0,1651,0
2024-12-23,0,2045,0
2024-12-24,0,1478,0
2024-12-25,0,1071,0
2024-12-26,0,1473,0
2024-12-27,0,1697,0
2024-12-28,0,1293,0
2024-12-29,0,1519,0
2024-12-30,0,1981,0
2024-12-31,0,1851,0
2025-01-01,0,1599,0
2025-01-02,0,2028,0
2025-01-03,0,1904,0
2025-01-04,0,1466,0
2025-01-05,0,1572,0
2025-01-06,0,2283,0
2025-01-07,0,2346,0
2025-01-08,0,2433,0
2025-01-09,0,2373,0
2025-01-10,0,2167,0
2025-01-11,0,1443,0
2025-01-12,0,1627,0
2025-01-13,0,2550,0
2025-01-14,0,2884,0
2025-01-15,0,2803,0
2025-01-16,0,2664,0
2025-01-17,0,2494,0
2025-01-18,0,1731,0
2025-01-19,0,1732,0
2025-01-20,0,2558,0
2025-01-21,0,2577,0
2025-01-22,0,2744,0
2025-01-23,0,2711,0
2025-01-24,0,2667,0
2025-01-25,0,2011,0
2025-01-26,0,1850,0
2025-01-27,0,2242,0
2025-01-28,0,2339,0
2025-01-29,0,2626,0
2025-01-30,0,2545,0
2025-01-31,0,2355,0
2025-02-01,0,1439,0
2025-02-02,0,1520,0
2025-02-03,0,2393,0
2025-02-04,0,2495,0
2025-02-05,0,2711,0
2025-02-06,0,2694,0
2025-02-07,0,2466,0
2025-02-08,0,1575,0
2025-02-09,0,1667,0
2025-02-10,0,2568,0
2025-02-11,0,2505,0
2025-02-12,0,2508,0
2025-02-13,0,2493,0
2025-02-14,0,2369,0
2025-02-15,0,1538,0
2025-02-16,0,1465,0
2025-02-17,0,2347,0
2025-02-18,0,2441,0
2025-02-19,0,2704,0
2025-02-20,0,2744,0
2025-02-21,0,2410,0
2025-02-22,0,1490,0
2025-02-23,0,1547,0
2025-02-24,0,2319,0
2025-02-25,0,2464,0
2025-02-26,0,2679,0
2025-02-27,0,2620,0
2025-02-28,0,2341,0
2025-03-01,0,1420,0
2025-03-02,0,1544,0
2025-03-03,0,2319,0
2025-03-04,0,2459,0
2025-03-05,0,2689,0
2025-03-06,0,2592,0
2025-03-07,0,2555,0
2025-03-08,0,1644,0
2025-03-09,0,1644,0
2025-03-10,0,2261,0
2025-03-11,0,2411,0
2025-03-12,0,2734,0
2025-03-13,0,2615,0
2025-03-14,0,2347,0
2025-03-15,0,1566,0
2025-03-16,0,1599,0
2025-03-17,0,2300,0
2025-03-18,0,2442,0
2025-03-19,0,2623,0
2025-03-20,0,2642,0
2025-03-21,0,2413,0
2025-03-22,0,1644,0
2025-03-23,0,1689,0
2025-03-24,0,2350,0
2025-03-25,0,2621,0
2025-03-26,0,2702,0
2025-03-27,0,2579,0
2025-03-28,0,2528,0
2025-03-29,0,1558,0
2025-03-30,0,1665,0
2025-03-31,0,2381,0
2025-04-01,0,2723,0
2025-04-02,0,2670,0
2025-04-03,0,2641,0
2025-04-04,0,2671,0
2025-04-05,0,1584,0
2025-04-06,0,1643,0
2025-04-07,0,2286,0
2025-04-08,0,2638,0
2025-04-09,0,2672,0
2025-04-10,0,2548,0
2025-04-11,0,2582,0
2025-04-12,0,1759,0
2025-04-13,0,1696,0
2025-04-14,0,2291,0
2025-04-15,0,2394,0
2025-04-16,0,2781,0
2025-04-17,0,2468,0
2025-04-18,0,1869,0
2025-04-19,0,1450,0
2025-04-20,0,1406,0
2025-04-21,0,2056,0
2025-04-22,0,2529,0
2025-04-23,0,2666,0
2025-04-24,0,2646,0
2025-04-25,0,2349,0
2025-04-26,0,1702,0
2025-04-27,0,1608,0
2025-04-28,0,2197,0
2025-04-29,0,2621,0
2025-04-30,0,2774,0
2025-05-01,0,2695,0
2025-05-02,0,2683,0
2025-05-03,0,2088,0
2025-05-04,0,1735,0
2025-05-05,0,2274,0
2025-05-06,0,2479,0
2025-05-07,0,2693,0
2025-05-08,0,2694,0
2025-05-09,0,2492,0
2025-05-10,0,1474,0
2025-05-11,0,1612,0
2025-05-12,0,2336,0
2025-05-13,0,2702,0
2025-05-14,0,2779,0
2025-05-15,0,2767,0
2025-05-16,0,2571,0
2025-05-17,0,1701,0
2025-05-18,0,1786,0
2025-05-19,0,2444,0
2025-05-20,0,2587,0
2025-05-21,0,2861,0
2025-05-22,0,2526,0
2025-05-23,0,2490,0
2025-05-24,4,1633,0.002449479485609308
2025-05-25,0,1590,0
2025-05-26,0,2275,0
2025-05-27,0,2661,0
2025-05-28,0,2794,0
2025-05-29,0,2630,0
2025-05-30,0,2513,0
2025-05-31,0,1621,0
2025-06-01,0,1634,0
2025-06-02,0,2337,0
2025-06-03,0,2570,0
2025-06-04,0,2744,0
2025-06-05,0,2774,0
2025-06-06,0,2424,0
2025-06-07,0,1424,0
2025-06-08,0,1578,0
2025-06-09,0,2169,0
2025-06-10,0,2643,0
2025-06-11,0,2767,0
2025-06-12,0,2876,0
2025-06-13,0,2464,0
2025-06-14,0,1552,0
2025-06-15,0,1607,0
2025-06-16,0,2349,0
2025-06-17,0,2638,0
2025-06-18,0,2742,0
2025-06-19,0,2645,0
2025-06-20,0,2628,0
2025-06-21,0,1496,0
2025-06-22,0,1539,0
2025-06-23,0,2396,0
2025-06-24,0,2722,0
2025-06-25,0,2867,0
2025-06-26,0,2761,0
2025-06-27,0,2522,0
2025-06-28,0,1511,0
2025-06-29,0,1621,0
2025-06-30,0,2477,0
2025-07-01,0,2867,0
2025-07-02,0,2798,0
2025-07-03,0,2675,0
2025-07-04,0,2465,0
2025-07-05,0,1557,0
2025-07-06,0,1550,0
2025-07-07,0,2476,0
2025-07-08,0,2538,0
2025-07-09,0,2815,0
2025-07-10,0,2747,0
2025-07-11,0,2354,0
2025-07-12,0,1577,0
2025-07-13,0,1658,0
2025-07-14,0,2390,0
2025-07-15,0,2547,0
2025-07-16,0,2643,0
2025-07-17,0,2685,0
2025-07-18,0,2588,0
2025-07-19,0,1675,0
2025-07-20,0,1762,0
2025-07-21,0,2499,0
2025-07-22,0,2697,0
2025-07-23,0,2829,0
2025-07-24,0,2675,0
2025-07-25,0,2562,0
2025-07-26,0,1636,0
2025-07-27,0,1745,0
2025-07-28,0,2472,0
2025-07-29,0,2621,0
2025-07-30,0,2824,0
2025-07-31,0,2861,0
2025-08-01,0,2629,0
2025-08-02,0,1899,0
2025-08-03,0,1734,0
2025-08-04,0,2479,0
2025-08-05,1,2711,0.00036886757654002215
2025-08-06,0,2874,0
2025-08-07,0,2784,0
2025-08-08,0,2650,0
2025-08-09,0,1607,0
2025-08-10,0,1691,0
2025-08-11,0,2479,0
2025-08-12,0,2574,0
2025-08-13,0,2668,0
2025-08-14,3,2717,0.001104158998895841
2025-08-15,0,2577,0
2025-08-16,0,1742,0
2025-08-17,0,1827,0
2025-08-18,0,2506,0
2025-08-19,0,2708,0
2025-08-20,0,2842,0
2025-08-21,0,2757,0
2025-08-22,0,2688,0
2025-08-23,0,1757,0
2025-08-24,0,1932,0
2025-08-25,0,2473,0
2025-08-26,0,2600,0
2025-08-27,0,2788,0
2025-08-28,0,2924,0
2025-08-29,0,2727,0
2025-08-30,0,1675,0
2025-08-31,0,1779,0
2025-09-01,0,2378,0
2025-09-02,0,2767,0
2025-09-03,0,2961,0
2025-09-04,0,2891,0
2025-09-05,0,2753,0
2025-09-06,0,1822,0
2025-09-07,0,1932,0
2025-09-08,0,2579,0
2025-09-09,0,2670,0
2025-09-10,0,2914,0
2025-09-11,0,2714,0
2025-09-12,0,2717,0
2025-09-13,0,1759,0
2025-09-14,0,1912,0
2025-09-15,0,2553,0
2025-09-16,0,2769,0
2025-09-17,0,2843,0
2025-09-18,0,2805,0
2025-09-19,0,2526,0
2025-09-20,0,1621,0
2025-09-21,0,1853,0
2025-09-22,0,2459,0
2025-09-23,0,2645,0
2025-09-24,0,2758,0
2025-09-25,0,2581,0
2025-09-26,0,2499,0
2025-09-27,0,1733,0
2025-09-28,0,1802,0
2025-09-29,1,2446,0.0004088307440719542
2025-09-30,0,2517,0
2025-10-01,0,2712,0
2025-10-02,0,2682,0
2025-10-03,0,2447,0
2025-10-04,0,1718,0
2025-10-05,0,1950,0
2025-10-06,0,2405,0
2025-10-07,0,2387,0
2025-10-08,0,2802,0
2025-10-09,0,2590,0
2025-10-10,0,2486,0
2025-10-11,0,1453,0
2025-10-12,0,1610,0
2025-10-13,0,2529,0
2025-10-14,0,2690,0
2025-10-15,0,2716,0
2025-10-16,0,2538,0
2025-10-17,0,2245,0
2025-10-18,0,1557,0
2025-10-19,0,1806,0
2025-10-20,0,2223,0
2025-10-21,0,2369,0
2025-10-22,0,2480,0
2025-10-23,0,2440,0
2025-10-24,0,2360,0
2025-10-25,0,1602,0
2025-10-26,0,1810,0
2025-10-27,0,2663,0
2025-10-28,0,2715,0
2025-10-29,0,2662,0
2025-10-30,0,2483,0
2025-10-31,0,2348,0
2025-11-01,1,1611,0.0006207324643078833
2025-11-02,0,1741,0
2025-11-03,0,2283,0
2025-11-04,0,2532,0
2025-11-05,0,2434,0
2025-11-06,0,2568,0
2025-11-07,0,2132,0
2025-11-08,0,1531,0
2025-11-09,0,1651,0
2025-11-10,0,2380,0
2025-11-11,0,2380,0
2025-11-12,0,2415,0
2025-11-13,1,2457,0.000407000407000407
2025-11-14,1,1975,0.0005063291139240507
2025-11-15,0,1348,0
2025-11-16,0,1577,0
2025-11-17,2,2444,0.0008183306055646482
2025-11-18,0,2454,0
2025-11-19,3,2506,0.0011971268954509178
2025-11-20,0,2599,0
2025-11-21,0,2160,0
2025-11-22,0,1423,0
2025-11-23,0,1567,0
2025-11-24,0,2345,0
2025-11-25,0,2453,0
2025-11-26,0,2414,0
2025-11-27,1,2287,0.00043725404459991256
2025-11-28,0,2139,0
2025-11-29,0,1513,0
2025-11-30,0,1638,0
2025-12-01,0,2280,0
2025-12-02,0,2505,0
2025-12-03,0,2456,0
2025-12-04,0,2549,0
2025-12-05,0,2333,0
2025-12-06,0,1452,0
2025-12-07,0,1559,0
2025-12-08,0,2323,0
2025-12-09,0,2484,0
2025-12-10,0,2425,0
2025-12-11,0,2498,0
2025-12-12,0,2190,0
2025-12-13,0,1321,0
2025-12-14,0,1704,0
2025-12-15,0,2289,0
2025-12-16,0,2340,0
2025-12-17,0,2248,0
2025-12-18,0,2249,0
2025-12-19,0,2093,0
2025-12-20,0,1329,0
2025-12-21,0,1475,0
2025-12-22,0,2051,0
2025-12-23,0,1893,0
2025-12-24,0,1287,0
2025-12-25,0,1077,0
2025-12-26,0,1206,0
2025-12-27,0,1167,0
2025-12-28,0,1393,0
2025-12-29,0,1697,0
2025-12-30,0,1721,0
2025-12-31,0,1544,0
2026-01-01,0,1331,0
2026-01-02,0,1476,0
2026-01-03,0,1345,0
2026-01-04,0,1529,0
2026-01-05,0,2089,0
2026-01-06,0,2254,0
2026-01-07,0,2227,0
2026-01-08,0,2385,0
2026-01-09,0,2013,0
2026-01-10,0,1382,0
2026-01-11,0,1753,0
2026-01-12,1,2341,0.00042716787697565144
2026-01-13,0,2387,0
2026-01-14,0,2350,0
2026-01-15,0,2455,0
2026-01-16,0,1992,0
2026-01-17,0,1481,0
2026-01-18,0,1828,0
2026-01-19,0,2334,0
2026-01-20,0,2671,0
2026-01-21,0,2480,0
2026-01-22,0,2453,0
2026-01-23,0,2162,0
2026-01-24,0,1557,0
2026-01-25,0,1913,0
2026-01-26,0,2069,0
2026-01-27,0,2379,0
2026-01-28,0,2573,0
2026-01-29,0,2429,0
2026-01-30,0,2160,0
2026-01-31,0,1400,0
2026-02-01,0,1586,0
